unique_id,metric_id,evidence_id,practice,outcome,intervention,comparator,time_span,covariates,mean,statistic_name,statistic,lower,upper,units,domain,n_studies,n_observations,direction,citation,doi,zotero_collection,source_locator,extracted_verbatim,notes,target_type
1,CC-SOC-01,Poeplau_Don_2015_rate,+Cover Crops,Soil C,cover crop / cash(?) crop in rotation,reference cropland without cover crop,up to 54 years,elevation; sampling depth,0.32,standard error,0.08,,,Mg C ha-1 yr-1,global cropland; mean soil depth 22 cm,37 sites,139 plots,increase,Poeplau & Don (2015) Agric Ecosyst Environ 200:33-41,10.1016/j.agee.2014.10.024,management/meta-analyses,Abstract,annual change rate of 0.32 +/- 0.08 Mg ha-1 yr-1 in a mean soil depth of 22 cm,"Linear model R2 = 0.19. Authors state N2O and albedo effects are NOT included, so this is not a GHG balance.",contrast
2,CC-SOC-02,Poeplau_Don_2015_steadystate,+Cover Crops,Soil C,"cover crop, modelled to new steady state (RothC)",reference cropland,155 years to steady state,,16.7,standard error,1.5,,,"Mg C ha-1 (cumulative, 22 cm)",global cropland,,,increase,Poeplau & Don (2015) Agric Ecosyst Environ 200:33-41,10.1016/j.agee.2014.10.024,management/meta-analyses,Abstract,new steady state was reached after 155 years ... total mean SOC stock accumulation of 16.7 +/- 1.5 Mg ha-1,"Modelled, not observed. Do not compare to a MAGiC run shorter than the accumulation period.",not_viable
3,CC-N2O-01,Basche_2014_split,+Cover Crops,N2O,cover crop,no cover crop,varies; sub-annual and full-year,N rate; cover crop type (legume vs non-legume); residue incorporation; precipitation,60% of observations positive LRR / 40% negative,log response ratio (LRR),,,,dimensionless LRR,global; N2O from soil surface,26 articles,106,variable,Basche et al. (2014) J Soil Water Conserv 69(6):471-482,10.2489/jswc.69.6.471,management/meta-analyses,Abstract,Forty percent of the observations had negative LRRs ... while 60% had positive LRRs,Response varies across observations; full-year LRRs are close to zero. The fraction of positive observations is not a pooled effect size.,not_viable
4,RT-N2O-01,VanKessel_2013_overall,Reduced tillage,N2O,no-till / reduced tillage (NT/RT),conventional tillage (CT),short- and long-term (<10 and >=10 years),climate zone; duration; N placement depth; soil texture,no significant change,meta-analysis mean,,,,area-scaled N2O,"global, humid and dry temperate",,239 direct comparisons,no effect overall,van Kessel et al. (2013) Glob Change Biol 19(1):33-44,10.1111/j.1365-2486.2012.02779.x,NOT in meta-analyses collection,Abstract,"averaged across all comparisons, NT/RT did not alter N2O emissions compared with CT",DISAGREES with Li et al. 2023 (-11%). This is the disputed cell in the audited matrix.,contrast
5,RT-N2O-02,VanKessel_2013_dry_short,Reduced tillage,N2O,"NT/RT implemented <10 years, dry climate",CT,<10 years,dry climate,+57,"significant change, yield-scaled",,,,percent,dry climatic zones,,,increase,van Kessel et al. (2013) Glob Change Biol 19(1):33-44,10.1111/j.1365-2486.2012.02779.x,NOT in meta-analyses collection,Abstract,yield-scaled N2O increased significantly (57%) when NT/RT was implemented <10 years,Direction REVERSES with duration - see next row. A statewide comparison must know adoption age.,contrast
6,RT-N2O-03,VanKessel_2013_dry_long,Reduced tillage,N2O,"NT/RT sustained >=10 years, dry climate",CT,>=10 years,dry climate,-27,"significant change, yield-scaled",,,,percent,dry climatic zones,,,decrease,van Kessel et al. (2013) Glob Change Biol 19(1):33-44,10.1111/j.1365-2486.2012.02779.x,NOT in meta-analyses collection,Abstract,but decreased significantly (27%) after >=10 years of NT/RT,Pairs with the row above: sign flips at ~10 years of adoption.,contrast
7,RT-N2O-01,Li_2023_NTRT,Reduced tillage,N2O,no-till / reduced tillage,conventional tillage,not restricted,climate; initial soil carbon (<20 g kg-1),-11,95% confidence interval,-19 to -1,-19,-1,percent,global cropland,,,decrease,"Li et al. (2023) Agron Sustain Dev 43, 'The role of conservation agriculture practices in mitigating N2O emissions'",10.1007/s13593-023-00911-x,management/meta-analyses,Abstract,NT/RT significantly decreased soil N2O emissions by 11% (95% CI: -19 to -1%),"DISAGREES with van Kessel et al. 2013, which found no overall effect.",contrast
8,CC-N2O-02,Li_2023_covercrops,+Cover Crops,N2O,cover crops,no cover crop,,soil pH; soil C ~20 g kg-1; soil N ~3 g kg-1,variable,meta-forest,,,,percent change,global cropland,,,variable,Li et al. (2023) Agron Sustain Dev 43,10.1007/s13593-023-00911-x,management/meta-analyses,Abstract,The implementation of cover crops and diversified crop rotations led to variable effects on soil N2O emissions,Consistent with Basche et al. 2014. Reduction most likely at neutral pH with intermediate soil C and N.,not_viable
9,NF-N2O-01,Liu_2017_EFc,+/- N Fertilization,N2O,N fertilizer application,unfertilized control,,fertilizer type; C/N; tillage; irrigation,2.58,95% confidence interval,1.81 to 3.35,1.81,3.35,percent of N applied (combined NO + N2O emission factor),global soils,114 publications,520 field measurements,increase,Liu et al. (2017) Glob Change Biol 23(6):2520-2532,10.1111/gcb.13485,management,Abstract,"global mean direct emission factors ... for combined NO+N2O (EFc) were estimated to be 2.58%, with 95% confidence intervals of 1.81-3.35%","COMBINED NO+N2O, not N2O alone. Do not compare directly to an N2O-only inventory figure.",not_viable
10,NF-N2O-02,Liu_2017_veg,+/- N Fertilization,N2O,"N fertilizer, vegetable cropping",unfertilized,,,4.13,emission factor,,,,percent of N applied (NO + N2O),vegetable cropping fields,,,increase,Liu et al. (2017) Glob Change Biol 23(6):2520-2532,10.1111/gcb.13485,management,Abstract,"Within the croplands, the EFNO (1.71%) and EFc (4.13%) were the greatest in vegetable cropping fields",Most relevant sub-domain for California specialty/vegetable systems.,not_viable
11,NF-N2O-03,Cayuela_2017_EFmed,+/- N Fertilization,N2O,"N fertilization, Mediterranean cropping",IPCC default EF of 1%,,water management; crop type; fertilizer type; N rate,0.5,regional emission factor (EF_Med),,,,percent of N applied,Mediterranean cropping systems,,,lower than IPCC default,Cayuela et al. (2017) Agric Ecosyst Environ 238:25-35,10.1016/j.agee.2016.10.006,management/meta-analyses,Abstract,"The average overall EF for Mediterranean agriculture (EFMed) was 0.5%, which is substantially lower than the IPCC default value of 1%",HIGH RELEVANCE to California. Implies inventories built on the 1% IPCC default may overestimate CA cropland N2O.,absolute_reference
12,NF-N2O-04,Cayuela_2017_irrigation,+/- N Fertilization,N2O,drip irrigation,sprinkler irrigation,,,0.51 vs 0.91,emission factor,,,,percent of N applied,Mediterranean irrigated crops,,,decrease,Cayuela et al. (2017) Agric Ecosyst Environ 238:25-35,10.1016/j.agee.2016.10.006,management/meta-analyses,Abstract,Drip irrigation systems (EF: 0.51%) had 44% lower EF than sprinkler irrigation methods (EF: 0.91%),"Rain-fed 0.27% vs irrigated 0.63%. Flooded rice EF 0.19%, attributed to complete denitrification.",contrast
13,FR-N2O-01,Cayuela_2017_rice,Flooding / rice,N2O,flooded rice,other Mediterranean crops,,,0.19,emission factor,,,,percent of N applied,Mediterranean flooded rice,,,low,Cayuela et al. (2017) Agric Ecosyst Environ 238:25-35,10.1016/j.agee.2016.10.006,management/meta-analyses,Abstract,"For flooded rice, anaerobic conditions likely led to complete denitrification and low EFs (EF: 0.19%)",Only traceable evidence found for a flooding x N2O cell. The draft's preferred source (Jiang 2019) is not in Zotero.,absolute_reference
14,SPEC-N2O-01,Li_2024_specialty_global,Specialty crops,N2O,specialty crop systems as managed,"global estimate, not a contrast",,N rate; MAT; MAP; soil organic carbon; soil pH,1.0,range,0.5 to 4.5,0.5,4.5,Tg N2O-N yr-1,global specialty crop soils,114 studies,1137,n/a (absolute estimate),Li et al. (2024) Glob Change Biol 30:e17233,10.1111/gcb.17233,management/meta-analyses,Abstract,"The estimated global N2O emission from specialty crop soils was 1.0 Tg N2O-N year-1, ranging from 0.5 to 4.5","Absolute inventory-style estimate. N2O rises exponentially with N rate. Drip irrigation, fertigation and reduced tillage reduce emissions.",not_viable
15,NCC-SOC-01,VicenteVicente_2016_OA,+Non-crop C,Soil C,"organic amendment (OA), esp. olive mill pomace",conventional management,rate highest in first years then declines,,5.3,sequestration rate,,,,t C ha-1 yr-1,Mediterranean olive orchards,51 references,,increase,Vicente-Vicente et al. (2016) Agric Ecosyst Environ 235:204-214,10.1016/j.agee.2016.10.024,management/meta-analyses,Abstract,The highest soil C sequestration rate (5.3 t C ha-1 yr-1) was observed following application OA in olive orchards,"FILLS A GAP: the draft has no Soil C evidence for +Non-crop C. Sequestration efficiency exceeded 100%, which the authors flag as unaccounted inputs plus positive feedback.",contrast
16,CC-SOC-03,VicenteVicente_2016_CC,+Cover Crops,Soil C,plant cover in inter-row area,conventional management,,,1.1 (olive); 0.78 (vineyard); 2.0 (almond),sequestration rate,,,,t C ha-1 yr-1,Mediterranean woody crops,51 references,,increase,Vicente-Vicente et al. (2016) Agric Ecosyst Environ 235:204-214,10.1016/j.agee.2016.10.024,management/meta-analyses,Abstract,"plant cover management achieved the lowest C sequestration rates (1.1, 0.78 and 2.0 t C ha-1 yr-1, for olive orchards, vineyards and almond orchards respectively)",HIGH RELEVANCE: almond and vineyard are major California systems. Note these rates are well above Poeplau & Don's 0.32 Mg ha-1 yr-1 for annual-crop cover cropping.,contrast
17,RT-GWP-01,Six_2004_GWP_direction,Reduced tillage,(net GWP),no-till (NT),conventional till (CT),"5, 10 and 20 years after conversion",humid vs dry climate; duration,see note,net GWP,,,,kg CO2 equivalents ha-1 yr-1,humid and dry temperate,,,increase then decrease,Six et al. (2004) Glob Change Biol 10(2):155-160,10.1111/j.1529-8817.2003.00730.x,management/tillage,Abstract; Tables 1-2,"Newly converted NT systems increase GWP relative to CT practices, in both humid and dry climate regimes, and longer-term adoption (>10 years) only significantly reduces GWP in humid climates",Net GWP depends on climate and years since conversion. Net GWP cannot be treated as a soil-carbon stock response.,deferred_unchecked
18,NF-N2O-05,Bouwman_2002_controls,+/- N Fertilization,N2O,N application to mineral soils,varying N rate,,N rate; soil organic C; texture; drainage; pH; fertilizer type; crop type; measurement duration,no single EF reported,summary of controls,,,,n/a,global agricultural mineral soils,,846 N2O and 99 NO measurements,increase with N rate,Bouwman et al. (2002) Global Biogeochem Cycles 16(4):1058,10.1029/2001GB001811,management,Abstract,Information from 846 N2O emission measurements ... there is a strong increase of both N2O and NO emissions accompanying N application rates,"CAUTION: the draft table names this as the preferred EF source, but the paper argues simple models should REPLACE emission-factor approaches. It reports controls, not a headline EF.",not_viable
19,RT-SOC-01,Robertson_2000_notill_SOC,Reduced tillage,Soil C,no-till,"conventional tillage, same rotation",1991-1999 (9 years),,30,accumulation rate,,,,g C m-2 yr-1,"KBS Michigan, US Midwest maize-soybean-wheat",,,increase,"Robertson, Paul & Harwood (2000) Science 289:1922-1925",10.1126/science.289.5486.1922,"management, cited_references",Results; Table 1,The no-till system accumulated 30 g C m-2 year-1 ... the organic-based systems accumulated 8 to 11 g C m-2 year-1,"TIER 2 - individual experiment, not a synthesis. Authors call 30 g C m-2 yr-1 an average value for Midwest no-till rotations. Fills a cell the draft left empty, but should not outrank a meta-analysis.",contrast
20,XCUT-GWP-01,Robertson_2000_N2O_dominant,(cross-cutting),(net GWP),intensive cropping systems as managed,nearby unmanaged ecosystems,1991-1999,,N2O is the single greatest GWP source,net GWP attribution,,,,g CO2 equivalents m-2 yr-1,KBS Michigan,,,n/a,"Robertson, Paul & Harwood (2000) Science 289:1922-1925",10.1126/science.289.5486.1922,"management, cited_references",Abstract,"In all but one ecosystem, nitrous oxide production was the single greatest source of GWP","IMPORTANT for benchmark design: if N2O dominates net GWP, a MAGiC run with the nitrogen cycle off cannot reproduce net GWP at all. Also: no intensive system provided net mitigation; no-till came closest.",deferred_unchecked
21,AP-CH4-01,Robertson_2000_CH4_oxidation,Annual -> Perennial,CH4,late successional / unmanaged vegetation,intensive cropping,1991-1999,,GWP neutral via CH4 oxidation,net GWP,,,,g CO2 equivalents m-2 yr-1,KBS Michigan,,,CH4 uptake,"Robertson, Paul & Harwood (2000) Science 289:1922-1925",10.1126/science.289.5486.1922,"management, cited_references",Abstract,"In the late successional system, GWP was neutral because of significant methane oxidation","Single experiment with unmanaged succession, not a perennial crop intervention. Qualitative methane uptake is supporting context only.",not_viable
22,RT-N2O-04,Snyder_2009_notill_N2O,Reduced tillage,N2O,no-till land,intensively tilled land,1990-2005 inventory,,0.68 vs 0.95,standard deviation,0.57 (no-till); 0.98 (tilled),,,kg N2O-N ha-1 yr-1,Canadian prairie region,,,decrease,Snyder et al. (2009) Agric Ecosyst Environ 133(3-4):247-266,10.1016/j.agee.2009.04.021,"management, cited_references",Section on tillage; Environment Canada 1990-2005 inventory,"emission from no-till land at 0.68 +/- 0.57 kg N2O-N ha-1 year-1, compared to 0.95 +/- 0.98 for intensively tilled land","CAUTION: the standard deviations overlap heavily, so this is a weak signal. It is an inventory estimate for Canada, not a meta-analytic effect size, and Snyder is a review rather than a quantitative synthesis.",contrast
23,NCC-N2O-01,Ma_2021_straw_N2O,+Non-crop C,N2O,"straw return (S, SI, SM) and straw-biochar (SB), equal C input",no straw or biochar (CK),2017-2018 (2 seasons),straw form; microbial inoculant; biochar,all straw treatments below control,ranking,CK > SM > S > SI > SB,,,soil N2O emission,"cotton field, Yancheng, Jiangsu, China",,,decrease,Ma et al. (2021) Soil Tillage Res 213:105126,10.1016/j.still.2021.105126,management/organic matter addition,Abstract,"Soil nitrous oxide (N2O) emissions were consistently decreased under SB, SI, S and SM, ranking as CK > SM > S > SI > SB",Single two-season cotton experiment in China. Straw treatments had lower N2O than the control; transfer to California requires matching management and environment.,not_viable
24,NCC-CH4-01,Ma_2021_straw_CH4,+Non-crop C,CH4,"straw return / straw-biochar, equal C input",no straw (CK),2017-2018,,"tracks the CO2 response: down under biochar, up under straw+inoculant and straw",qualitative,,,,soil CH4 emission,"cotton field, Jiangsu, China",,,variable by straw form,Ma et al. (2021) Soil Tillage Res 213:105126,10.1016/j.still.2021.105126,management/organic matter addition,Abstract,The response of soil methane (CH4) emissions to all treatments was similar to the CO2 emissions,"TIER 2. The only traceable evidence found for a +Non-crop C / CH4 cell, which the draft leaves empty. The form of the carbon matters more than the amount - C input was held equal across treatments.",not_viable
25,NCC-GWP-01,Ma_2021_biochar_GWP,+Non-crop C,(net GWP),"straw-biochar (SB, 3.5 t ha-1)",no straw (CK),2017-2018,,-17.9 to -19.8,range across two seasons,17.9 to 19.8,-19.8,-17.9,percent change in GWP,"cotton field, Jiangsu, China",,,decrease,Ma et al. (2021) Soil Tillage Res 213:105126,10.1016/j.still.2021.105126,management/organic matter addition,Abstract,"SI and S significantly increased the global warming potential (GWP), whereas SB significantly decreased GWP by 17.9%-19.8%","TIER 2. Direction of the +Non-crop C effect on net GWP depends on the FORM of carbon added: raw straw increased GWP, biochar decreased it, at equal C input. A statewide 'non-crop C' scenario that does not distinguish form cannot be benchmarked against this.",deferred_unchecked
26,FR-CH4-01,Conrad_2007_excluded,Flooding / rice,CH4,n/a,n/a,,,no quantitative synthesis reported,n/a,,,,n/a,global methanogen / methanotroph ecology,,,n/a,Conrad (2007) Advances in Agronomy 96:1-63,10.1016/S0065-2113(07)96005-8,"management, cited_references",Whole chapter (table of contents),Chapter contents: microbial ecology of methanogens and methanotrophs; no pooled effect size or emission factor is reported,"EXCLUDED FROM CORE EVIDENCE. A process-level review, not a quantitative synthesis, so it cannot supply an effect size for a flooding x CH4 cell. Issue #164 already marks this reference with a cross. Recorded so the exclusion is documented rather than silent.",not_viable
27,RT-GWP-02,Six_2004_GWP_humid_yr5,Reduced tillage,(net GWP),"no-till, 5 years after conversion",conventional till,5 years,humid temperate,+391,standard error,238,,,kg CO2-eq ha-1 yr-1 (soil-derived GWP),humid temperate cropland,,,increase (warming),Six et al. (2004) Glob Change Biol 10(2):155-160,10.1111/j.1529-8817.2003.00730.x,management/tillage,Table 1,Soil-derived GWP Humid 391 (SE 238) at year 5,"Positive = increases warming. Newly converted no-till is a NET SOURCE, driven by N2O (+1114 SE 237) outweighing SOC gain (-710 SE 16).",deferred_onfarm_ok
28,RT-GWP-03,Six_2004_GWP_humid_yr20,Reduced tillage,(net GWP),"no-till, 20 years after conversion",conventional till,20 years,humid temperate,-2066,standard error,565,,,kg CO2-eq ha-1 yr-1 (soil-derived GWP),humid temperate cropland,,,decrease (mitigation),Six et al. (2004) Glob Change Biol 10(2):155-160,10.1111/j.1529-8817.2003.00730.x,management/tillage,Table 1,Soil-derived GWP Humid 2066 (SE 565) at year 20; caption: negative numbers indicate a reduction in GWP,SIGN FLIPS between year 5 and year 20 in the same climate. By year 20 N2O also turns negative (-1238 SE 565).,deferred_onfarm_ok
29,RT-GWP-02,Six_2004_GWP_dry_yr5,Reduced tillage,(net GWP),"no-till, 5 years after conversion",conventional till,5 years,dry temperate,+1508,standard error,432,,,kg CO2-eq ha-1 yr-1 (soil-derived GWP),dry temperate cropland,,,increase (warming),Six et al. (2004) Glob Change Biol 10(2):155-160,10.1111/j.1529-8817.2003.00730.x,management/tillage,Table 1,Soil-derived GWP Dry 1508 (SE 432) at year 5,The largest warming penalty in the table. Dry-climate no-till is a strong net source in its first years.,deferred_onfarm_ok
30,RT-GWP-04,Six_2004_cumulative_humid,Reduced tillage,(net GWP),"continuous no-till, 20-year cumulative",conventional till,20 years cumulative,humid temperate; includes ancillary GHG (fuel etc.),-13799,component SEs,soil-derived -11526 SE 3707; ancillary -2273,,,kg CO2-eq ha-1 (cumulative),humid temperate cropland,,,decrease (mitigation),Six et al. (2004) Glob Change Biol 10(2):155-160,10.1111/j.1529-8817.2003.00730.x,management/tillage,Table 2,Humid climate Total GWP 13799; Soil organic C 16296 (SE 88); N2O 5027 (SE 3706); CH4 258 (SE 46),Mitigation is real in humid climates over 20 years. Note N2O (+5027) offsets nearly a third of the SOC gain (-16296).,deferred_ancillary
31,RT-GWP-04,Six_2004_cumulative_dry,Reduced tillage,(net GWP),"continuous no-till, 20-year cumulative",conventional till,20 years cumulative,dry temperate,-4554,standard error on soil-derived term,soil-derived -2281 SE 5815,,,kg CO2-eq ha-1 (cumulative),dry temperate cropland,,,not significantly different from zero,Six et al. (2004) Glob Change Biol 10(2):155-160,10.1111/j.1529-8817.2003.00730.x,management/tillage,Table 2 and Discussion,"Dry climate Total GWP 4554; Soil-derived GWP 2281 (SE 5815). Text: sequestration rates were not enough to compensate for increases in N2O-emissions, resulting in a zero-balanced mean cumulative GWP","CRITICAL: SE (5815) is more than twice the estimate (2281), so the dry-climate soil-derived GWP is NOT distinguishable from zero. Most of California cropland is dry. Do not treat dry-climate no-till as a demonstrated mitigation measure.",deferred_onfarm_ok
32,RT-CH4-01,Six_2004_CH4,Reduced tillage,CH4,no-till,conventional till,"5, 10 and 20 years",,-0.6,standard error,0.1,,,kg CH4 ha-1 yr-1 (uptake),humid and dry temperate,,,increased CH4 uptake,Six et al. (2004) Glob Change Biol 10(2):155-160,10.1111/j.1529-8817.2003.00730.x,management/tillage,Table 1 and text,all found a significant enhancement of CH4 uptake (averaging 0.6 kg ha-1 yr-1) with NT adoption,"FILLS the Reduced tillage / CH4 cell. Small in GWP terms (-13 kg CO2-eq ha-1 yr-1, SE 3.1) and identical in both climates and at all three time horizons, i.e. treated as time-invariant.",contrast
33,SPEC-N2O-03,Li_2024_deficit_irrigation,Deficit irrigation,N2O,deficit irrigation,full irrigation,,water-filled pore space,-62,percent change,,,,percent,global specialty crop systems,,,decrease,Li et al. (2024) Glob Change Biol 30:e17233,10.1111/gcb.17233,management/meta-analyses,Discussion,"Although deficit irrigation reduced soil N2O emissions by 62%, it lowered crop yields by 18% compared to full irrigation","Deficit versus full irrigation in specialty crops, not a rice flooding contrast. Reported yield penalty is 18%.",contrast
34,CC-N2O-03,Li_2024_legume_covercrop,+Cover Crops,N2O,legume cover crops,no cover crop,,,increase,effect size (see Figure 4),,,,percent change,global specialty crop systems,,,increase,Li et al. (2024) Glob Change Biol 30:e17233,10.1111/gcb.17233,management/meta-analyses,"Results, Figure 4","In contrast, legume cover crops increased soil N2O",Legume cover-crop response in specialty crops. No quantitative contrast or uncertainty has been extracted.,not_viable
35,NF-N2O-06,Li_2024_EF_by_type,+/- N Fertilization,N2O,inorganic fertilizer,animal manure,,,1.0 vs 0.8,emission factor,,,,percent of N applied,global,,,inorganic higher,Li et al. (2024) Glob Change Biol 30:e17233,10.1111/gcb.17233,management/meta-analyses,Introduction,"With the inorganic fertilizer EF being 1.0% and the animal manure EF being 0.8%, the IPCC rounded up the average to 1.0% as the default EF","Explains the provenance of the IPCC 1% default. Compare with Cayuela's Mediterranean EF of 0.5%, which is half this.",contrast
36,SPEC-N2O-02,Li_2024_global_DISCREPANCY,Specialty crops,N2O,specialty crop systems,n/a,,,1.0 (abstract) vs 1.5 (conclusions),internal inconsistency,,,,Tg N2O-N yr-1,global specialty crop soils,,,n/a,Li et al. (2024) Glob Change Biol 30:e17233,10.1111/gcb.17233,management/meta-analyses,Abstract vs Conclusions,"Abstract: 'estimated global N2O emission from specialty crop soils was 1.0 Tg N2O-N year-1, ranging from 0.5 to 4.5'. Conclusions: 'the estimated global N2O emission of 1.5 Tg N2O-N year-1 from specialty crop soils, accounting for 9.0% of global total N2O emissions'.","THE PAPER DISAGREES WITH ITSELF: 1.0 in the abstract, 1.5 in the conclusions. Resolve against Table S1/S2 before using either figure as a benchmark.",not_viable
37,NF-N2O-07,Liu_2017_ammonium_nitrate,+/- N Fertilization,N2O,ammonium nitrate fertilizer,other chemical N fertilizer types,,,5.97,combined NO+N2O emission factor,,,,percent of N applied,global croplands,,,highest of the fertilizer types,Liu et al. (2017) Glob Change Biol 23(6):2520-2532,10.1111/gcb.13485,management,Abstract,"Among different chemical N fertilizer varieties, ammonium nitrate had the greatest EFNO (2.93%) and EFc (5.97%)","Over twice the global mean EFc of 2.58%. Fertilizer FORM matters as much as rate, which a scenario defined only by N rate cannot capture.",not_viable
38,NF-N2O-08,Liu_2017_inhibitors,+/- N Fertilization,N2O,synthetic N plus nitrification inhibitor,synthetic N alone,,,-81,percent change in soil NO,,,,percent,global soils,,,decrease,Liu et al. (2017) Glob Change Biol 23(6):2520-2532,10.1111/gcb.13485,management,Abstract,synthetic N fertilizer combined with nitrification inhibitors substantially reduced soil NO emissions by 81%,"Applies to NO, not N2O alone. Largest single mitigation effect in the extracted set.",not_viable
39,NF-N2O-09,Liu_2017_source_type,+/- N Fertilization,N2O,synthetic N fertilizer,organic and mixed N sources,,,+38 (synthetic) vs +20 (organic) vs +18 (mixed),percent enhancement of soil NO,,,,percent,global soils,,,synthetic highest,Liu et al. (2017) Glob Change Biol 23(6):2520-2532,10.1111/gcb.13485,management,Abstract,"Soil NO emissions were more enhanced by synthetic N fertilizer (+38%), relative to organic (+20%) or mixed N (+18%) sources",Consistent in direction with Li et al. 2024's inorganic 1.0% vs manure 0.8% EF split.,not_viable
40,NF-N2O-10,Cayuela_2017_rainfed_irrigated,+/- N Fertilization,N2O,rain-fed cropping,irrigated cropping,,,0.27 vs 0.63,emission factor,,,,percent of N applied,Mediterranean cropping systems,,,rain-fed lower,Cayuela et al. (2017) Agric Ecosyst Environ 238:25-35,10.1016/j.agee.2016.10.006,management/meta-analyses,Abstract,Rain-fed crops in Mediterranean regions have lower EFs (EF: 0.27%) than irrigated crops (EF: 0.63%),"Irrigation more than doubles the EF. Directly relevant to California, where most cropland is irrigated.",contrast
41,NF-N2O-11,Cayuela_2017_highN,+/- N Fertilization,N2O,N applied above 400 kg N ha-1,lower N rates and the IPCC 1% default,,,0.82,emission factor,,,,percent of N applied,Mediterranean cropping systems,,,increase with rate,Cayuela et al. (2017) Agric Ecosyst Environ 238:25-35,10.1016/j.agee.2016.10.006,management/meta-analyses,Abstract,"when N was applied at rates greater than 400 kg N ha-1, the EF did not significantly differ from the 1% default value (EF: 0.82%)","The Mediterranean EF advantage disappears at high N rates. A statewide comparison must condition on N rate, not just apply 0.5% everywhere.",absolute_reference
42,NF-N2O-12,Cayuela_2017_croptype,+/- N Fertilization,N2O,"winter cereals (wheat, oat, barley)",maize,,,0.26 vs 0.83,emission factor,,,,percent of N applied,Mediterranean cropping systems,,,extensive crops lower,Cayuela et al. (2017) Agric Ecosyst Environ 238:25-35,10.1016/j.agee.2016.10.006,management/meta-analyses,Abstract,"Extensive crops, such as winter cereals (wheat, oat and barley), had lower EFs (EF: 0.26%) than intensive crops such as maize (EF: 0.83%)",A threefold spread by crop type within one climate. Crop mix matters for a statewide N2O total.,contrast
43,CC-SOC-04,Poeplau_Don_2015_global,+Cover Crops,Soil C,global adoption of cover crops,current cropland,,,0.12,uncertainty,0.03,0.09,0.15,Pg C yr-1,global cropland,,,increase,Poeplau & Don (2015) Agric Ecosyst Environ 200:33-41,10.1016/j.agee.2014.10.024,management/meta-analyses,Abstract,"We estimated a potential global SOC sequestration of 0.12 +/- 0.03 Pg C yr-1, which would compensate for 8% of the direct annual greenhouse gas emissions from agriculture","Scale reference for an absolute-inventory comparison. Authors caution that altered N2O and albedo are NOT included, and the three cover-crop/N2O sources here suggest that omission is not conservative.",not_viable
44,NF-N2O-13,IPCC_2019_no_pdf,+/- N Fertilization,N2O,n/a,n/a,,,NOT EXTRACTED,n/a,,,,n/a,global default emission factors,,,n/a,"IPCC (2019) Refinement to the 2006 IPCC Guidelines, Volume 4, Chapter 11",,(uncollected),n/a,,"BLOCKED: the Zotero record is metadata-only with NO PDF attachment, so the EF tables cannot be extracted from the library. The 1% default is documented second-hand via Li et al. 2024. Obtain the chapter to extract EF1, EF1FR and the disaggregated factors.",not_viable
45,NF-N2O-14,IPCC_2019_EF1_aggregated,+/- N Fertilization,N2O,"N addition: synthetic fertiliser, organic amendment, crop residue, mineralised soil N",no N addition,,,0.010,uncertainty range,0.002 to 0.018,0.002,0.018,kg N2O-N per kg N applied,"global, all climates",,,increase,"IPCC (2019) Refinement to the 2006 IPCC Guidelines, Vol 4 Ch 11, Table 11.1 (Updated)",,(uncollected),"Table 11.1 (Updated), p 11.13","EF1 for N additions ... Default value 0.010, uncertainty range 0.002-0.018",The aggregated default. Superseded for California by the dry-climate value below; use that one.,absolute_reference
46,NF-N2O-15,IPCC_2019_EF1_dry,+/- N Fertilization,N2O,"all N inputs, dry climates",no N addition,,"dry = precipitation:PET < 1 in temperate/boreal, or annual precip < 1000 mm in tropics",0.005,uncertainty range,0.000 to 0.011,0,0.011,kg N2O-N per kg N applied,dry climates,,,increase,"IPCC (2019) Refinement to the 2006 IPCC Guidelines, Vol 4 Ch 11, Table 11.1 (Updated)",,(uncollected),"Table 11.1 (Updated), disaggregated by climate, p 11.13","All N inputs in dry climates: 0.005, uncertainty 0.000-0.011","THE California-relevant factor, and half the aggregated default. Independently corroborates Cayuela et al. 2017, whose Mediterranean EF of 0.5% is the same number from a different dataset. Two lines of evidence agreeing that the 1% default overestimates here.",absolute_reference
47,NF-N2O-16,IPCC_2019_EF1_wet_synthetic,+/- N Fertilization,N2O,"synthetic fertiliser, wet climates",no N addition,,,0.016,uncertainty range,0.013 to 0.019,0.013,0.019,kg N2O-N per kg N applied,wet climates,,,increase,"IPCC (2019) Refinement to the 2006 IPCC Guidelines, Vol 4 Ch 11, Table 11.1 (Updated)",,(uncollected),"Table 11.1 (Updated), p 11.13","Synthetic fertiliser inputs in wet climates: 0.016, uncertainty 0.013-0.019","Contrast row only. Wet-climate synthetic N is three times the dry-climate factor, which is why applying an aggregated EF statewide is misleading.",absolute_reference
48,FR-N2O-03,IPCC_2019_EF1FR_rice,Flooding / rice,N2O,flooded rice fields,no N addition,,continuous flooding vs single/multiple drainage,0.004,uncertainty range,0.000 to 0.029,0,0.029,kg N2O-N per kg N applied,flooded rice,,,"increase, low","IPCC (2019) Refinement to the 2006 IPCC Guidelines, Vol 4 Ch 11, Table 11.1 (Updated)",,(uncollected),"Table 11.1 (Updated), EF1FR, p 11.13",EF1FR for flooded rice fields: 0.004 (0.000-0.029); continuous flooding 0.003 (0.000-0.010); single and multiple drainage 0.005 (0.000-0.016),"Directly applicable to US-Twt. Continuous flooding 0.003 is LOWER than drained 0.005, consistent with Cayuela's flooded-rice EF of 0.19% and with complete denitrification under anaerobic conditions. Note the uncertainty range is wider than the mean.",absolute_reference
49,XCUT-SOC-01,CARB_2025_soilC_series,(cross-cutting),Soil C,California cropland as managed,"n/a, absolute inventory",2001-2022,,225.43,range across years,209.34 to 264.44,209.34,264.44,"MMT C (soil pool, cropland)",California cropland,,,n/a,"California Air Resources Board (2025). NWL Carbon Inventory, Appendix C Croplands, figure data",,(uncollected),"Appendix C figure data, sheet CL_Fig1","Annual cropland soil carbon 2001-2022, minimum 209.34 (2014), maximum 264.44 (2012), 2022 = 213.4955 MMT C","RESOLVES the unexplained 213.495506299556 in the draft table: it is the 2022 value, the final year of this series. Not an error, but an undocumented single-year pick. Per David, the comparison should be order-of-magnitude against the series rather than one year; interannual spread is 55 MMT, a quarter of the mean.",absolute_reference
50,XCUT-SOC-01,CARB_2025_biomassC_series,(cross-cutting),Soil C,California cropland biomass,"n/a, absolute inventory",2001-2022,,46.4,range across years,34.67 to 64.99,34.67,64.99,"MMT C (biomass pool, cropland)",California cropland,,,increase,"California Air Resources Board (2025). NWL Carbon Inventory, Appendix C Croplands, figure data",,(uncollected),"Appendix C figure data, sheet CL_Fig1",Cropland biomass carbon rises monotonically from 34.67 MMT C in 2001 to 64.99 in 2022,Biomass nearly doubles while soil carbon is flat to declining. Consistent with orchard expansion (CL_Fig5: almond 29.46 MMT C of the biomass pool). A model reproducing the total but not this split would be right for the wrong reason.,absolute_reference
51,AP-SOC-01,Siddique_2023_vs_monoculture,Annual -> Perennial,Soil C,perennial crops,annual monoculture,,,+16.6,percent change in SOC stock,,,,"percent, 0-30 cm","global, 77 sites",51 publications,351,increase,Siddique et al. (2023). Soil organic carbon stock change following perennialization: a meta-analysis,,management/meta-analyses,Abstract,"perennial crops significantly increased soil organic carbon stock by 16.6% and 23.1% at 0-30 cm depth compared with monoculture and crop rotation, respectively",SOC stocks at 0-30 cm compared with annual monoculture. Direction depends on stand age; inspect the separate duration rows.,contrast
52,AP-SOC-02,Siddique_2023_time_dependence,Annual -> Perennial,Soil C,perennial crops by stand age,annual systems,"<5 years vs >10 years, steady state near 20 years",,negative <5 yr; +36.4 vs rotation >10 yr,percent change by duration,,,,"percent, 0-30 cm",global,,,sign changes with duration,Siddique et al. (2023). Soil organic carbon stock change following perennialization: a meta-analysis,,management/meta-analyses,Abstract,"Shortly after establishment (< 5 years), perennial crops revealed a negative impact on soil organic carbon; however, long duration (> 10 years) of perennialization had a significant positive effect ... increase of soil organic carbon stock until about 20 years; thereafter ... a steady level","SAME time dependence as no-till: negative early, positive after about 10 years, plateau near 20. A statewide comparison must condition on stand age, exactly as for tillage. pH mattered; soil texture did not.",contrast
53,FR-CH4-02,Jiang_2019_CH4,Flooding / rice,CH4,"non-continuous flooding (AWD, intermittent)",continuous flooding,,"number of drying events, drying severity, unflooded days",-53,percent change,,,,percent,global rice,52 studies,201 paired,decrease,Jiang et al. (2019). Water management to mitigate the global warming potential of rice systems: a global meta-analysis. Field Crops Research 234:47-54,,management/meta-analyses,Abstract,"compared to continuous flooding, non-continuous flooding practices reduced CH4 emissions by 53%, increased N2O emissions by 105%, and decreased yield by 3.6%",Non-continuous versus continuous flooding in rice. Match drying frequency and unflooded duration; do not pool drying-event subclasses.,contrast
54,FR-N2O-04,Jiang_2019_N2O_tradeoff,Flooding / rice,N2O,non-continuous flooding,continuous flooding,,"soil organic carbon, manure additions",+105,percent change,,,,percent,global rice,52 studies,201 paired,increase,Jiang et al. (2019). Water management to mitigate the global warming potential of rice systems: a global meta-analysis. Field Crops Research 234:47-54,,management/meta-analyses,Abstract,"increased N2O emissions by 105% ... N2O emissions were low, contributing, on average, 12% to the combined global warming potential",Non-continuous flooding raises N2O from a low baseline; N2O contributes about 12% of combined GWP in this synthesis. Soil carbon and manure modify the response.,contrast
55,FR-GWP-01,Jiang_2019_GWP,Flooding / rice,(net GWP),non-continuous flooding,continuous flooding,,,-44,percent change in GWP; yield-scaled -42,,,,percent,global rice,,,decrease,Jiang et al. (2019). Water management to mitigate the global warming potential of rice systems: a global meta-analysis. Field Crops Research 234:47-54,,management/meta-analyses,Abstract,non-continuous flooding reduced GWP (-44%) and yield-scaled GWP (-42%) ... decreased yield by 3.6%,"Net of the CH4 gain and N2O penalty, drainage is a clear mitigation at a 3.6% yield cost. Also proposes revising the IPCC scaling factors from 0.6 to 0.67 for a single drying event and 0.52 to 0.36 for multiple, which bears directly on the IPCC EF1FR rows here.",deferred_unchecked
56,NF-N2O-17,Leschinsky_2026_EF_benchmarks,+/- N Fertilization,N2O,organic fertilizer N,IPCC default benchmarks,,"68 covariates: crop, N management, hydrology, soil, topography, climate, remote sensing",see note,random forest R2,"0.54 area-scaled, 0.72 yield-scaled, 0.69 EF",,,percent of N applied,"North America, organic systems",43 field studies,315,benchmarks are biased,Leschinsky & Xia (2026). Identifying key management and environmental drivers of organic fertilizer-induced soil N2O emissions across North America: a meta-analysis. Environ Res Commun 8:061002,10.1088/2515-7620/ae7251,management/meta-analyses,Abstract,"the 2006 benchmark (1%) might overestimate EFs, while the 2019 dry region benchmark (0.5%) overestimates EFs and the 2019 wet region benchmark (0.6%) underestimates EFs","THIRD independent line on the EF question, and it goes further than Cayuela. Cayuela and IPCC 2019 both land on 0.5% for dry regions; this says even 0.5% is too high for organic fertilizer in North America. Swine manure had the highest EFs, corn the highest area-scaled emissions.",not_viable
57,XCUT-N2O-01,Jeong_2018_statewide_N2O,(cross-cutting),N2O,California statewide anthropogenic N2O,the state inventory,2013-2014,,1.5 to 2.5 times the inventory,95% confidence,1.5-2.5x,1.5,2.5,multiple of inventory; inventory 41 Gg N2O in 2014,"California, six-site Bayesian inversion",,,inventory underestimates,Jeong et al. (2018). Inverse estimation of an annual cycle of California's nitrous oxide emissions,,(uncollected),Abstract,annual anthropogenic emissions are 1.5-2.5 times (at 95% confidence) the state inventory (41 Gg N2O in 2014) ... 4-7% of total GHG emissions,"Top-down check on the bottom-up inventory used in organization#228, which gives cropland N2O as 6.8 MMT CO2e = 22.8 Gg N2O. If the statewide inventory is low by 1.5 to 2.5x, a MAGiC run matching the inventory may still be low against the atmosphere. Emissions were similar across seasons.",absolute_reference
58,RT-GWP-05,Huang_2018_dry_climate,Reduced tillage,(net GWP),no-tillage,conventional tillage,,"climate, tillage duration, soil texture, pH, crop species",reduction in dry climates only,qualitative by subgroup,,,,GHG emissions and GWP,global cereal systems,90 articles,740 paired,"decrease in dry, not humid",Huang et al. (2018). Greenhouse gas emissions and crop yield in no-tillage systems: a meta-analysis. Agric Ecosyst Environ,10.1016/j.agee.2018.09.002,management/meta-analyses,Abstract,"Compared to conventional tillage (CT), NT reduced in GHG emissions and increased crop yield in dry, but not humid, climates, and reduced in the GWP at sites with acidic soils","DIRECTLY CONTRADICTS Six et al. 2004 on the subset that matters here. Six found 20-year dry-climate GWP indistinguishable from zero (-2281 +/- 5815) and mitigation only in humid climates; Huang finds the reverse, reduction in dry but not humid. Both are meta-analyses. This is the arid subset David asked to focus on, and the two syntheses disagree on its sign.",deferred_unchecked
59,NF-SOC-01,Snyder_2009_Nfert_soilC,+/- N Fertilization,Soil C,N fertilizer at 168 and 83 kg N ha-1 yr-1,unfertilized control (0 N),"1965-1995, 30 years",,17.0 / 13.0 / 10.1,corn-derived SOC by N rate (168 / 83 / 0),,,,"t C ha-1, top 30 cm","Minnesota, continuous corn",,,fertilization slows SOC loss,Snyder et al. (2009). Review of greenhouse gas emissions from crop production systems and fertilizer management effects. Agric Ecosyst Environ 133(3-4):247-266,10.1016/j.agee.2009.04.021,"management, cited_references","Section 2.5.1, Table 2, from Wilts et al. (2004)","total soil organic C declined for all treatments, but at a slower rate in the fertilized treatments than in the unfertilized control. The difference resulted from increased accumulation of C in the soil with the isotopic signature of corn","Corn-derived C is an isotopically traced fraction, not total SOC. Total SOC declined at every N rate, more slowly with fertilization. The extracted fraction cannot serve as a total-SOC target.",contrast
60,NF-CH4-01,Snyder_2009_Nfert_CH4,+/- N Fertilization,CH4,N fertilizer and nitrification inhibitors,unfertilized / native soils,,,qualitative,direction only,,,,n/a,non-rice agricultural soils,,,reduced CH4 uptake,Snyder et al. (2009). Review of greenhouse gas emissions from crop production systems and fertilizer management effects. Agric Ecosyst Environ 133(3-4):247-266,10.1016/j.agee.2009.04.021,"management, cited_references",Sections 2.3 and 3.6,"Nonrice agricultural soils are a sink for atmospheric CH4, [but to a] smaller extent than soils in their native condition ... Delgado and Mosier (1996) reported that nitrification inhibitors can also inhibit CH4 oxidation in soils",Qualitative review of non-rice cropland and nitrification inhibitors; no isolated quantitative fertilizer contrast is available.,not_viable
61,FR-SOC-01,Kirk_2015_flooded_rice_soilC,Flooding / rice,Soil C,flooded rice on peat,traditional aerobic (drained) cropping,,,2473 and 2241,range across sites and assumptions,1149 to 2473,1149,2473,kg C ha-1 yr-1 net loss,"Sacramento-San Joaquin Delta peatland, two sites",,,loss reduced but not stopped,Kirk et al. (2015). Estimating annual soil carbon loss in agricultural peatland soils using a nitrogen budget approach. PLoS ONE 10(3):e0121432,10.1371/journal.pone.0121432,management,"Abstract, Results and Conclusions",the net C loss was 2473 kg C ha-1 (Site 1) and 2241 kg C ha-1 (Site 2) ... ranged from 1149-2473 kg C ha-1 ... transitioning high organic matter soils to flooded rice cultivation [reduces] subsidence rates compared to traditional aerobic cropping,"Delta peatland flux observations. Source reports less carbon loss under flooding than drained cropping, but a matched drained comparator has not been curated. Absolute loss is not a stock contrast.",needs_source_check
62,AP-N2O-01,Anthony_2023_alfalfa_N2O,Annual -> Perennial,N2O,"continuous alfalfa, a perennial N-fixing forage",its own ecosystem carbon sink,multi-year eddy covariance and automated chambers,,624,standard error,28,,,mg N2O m-2 yr-1,"Sacramento-San Joaquin Delta, US-Bi1",,,large N2O source,Anthony et al. (2023). Carbon-sink potential of continuous alfalfa agriculture lowered by short-term nitrous oxide emission events. Nature Communications,10.1038/s41467-023-37391-2,management,Abstract,"the alfalfa system was a large N2O source (624 +/- 28 mg N2O m-2 y-1), offsetting the ecosystem carbon (carbon dioxide (CO2) and methane (CH4)) sink by up to 14% annually. Short-term N2O emissions events (i.e. hot moments) accounted for <=1% of measurements but up to 57% of annual [N2O]","Absolute alfalfa N2O flux at US-Bi1; no annual-crop comparator. This cannot establish the direction of an annual-to-perennial effect. Retained as reference context, not a management contrast.",absolute_reference
63,RT-SOC-02,Sun_2020_notill_SOC_CAanalog,Reduced tillage,Soil C,no-till,conventional tillage,5 to 47 years,"MAT 12.5-20 C, MAP 355-690 mm",0.2162,sd across sites,0.4478,,,Mg C ha-1 yr-1,"global synthesis, California analog subset",23,62,increase,"Sun W, Canadell JG, Yu L, et al. (2020). Glob Change Biol 26:3325-3335",10.1111/gcb.15001,(not yet in Zotero),"Table S1, sheet SI-1","SOC stock-CT and SOC stock-NT (0-30cm), per site, from Table S1","Derived from Sun et al. 2020 Table S1 by the script given in issue #11, run unmodified. Filter: MAT 10-20 C and MAP/MAT < 40, giving a Mediterranean to semi-arid envelope of MAT 12.5-20 C and MAP 355-690 mm, which brackets Central Valley conditions. 62 no-till versus conventional-till comparisons at 23 named sites, each site weighted equally after averaging its own comparisons.",contrast
64,NC-SOC-02,Bai_2023_OA_SOC,+Non-crop C,Soil C,"organic amendment (compost, manure, sludge, slurry)",unamended control,"1 to 105 years, median 10",,26.9,95% CI half width on percent change,0.7,26.2,27.6,percent change in SOC,"global synthesis, 42 countries",424,1972,increase,"Bai X, Tang J, Wang W, et al. (2023). Catena 231:107343",10.1016/j.catena.2023.107343,(not yet in Zotero),Abstract; Section 3.1; Fig 2,organic amendment addition increased SOC by an average of 26.9% (or 5.1 Mg C ha-1),"Also reports 5.1 +/- 0.4 Mg C ha-1 as a STOCK change. Subgroups relevant to California: arid 32.4 percent, warm MAAT 10-20 C 40.2 percent, compost 28.7 percent, manure 26.4 percent; those subgroup CIs are shown only in Fig 2 and were not read off.",contrast
65,NF-N2O-02,Shcherbak_2014_dEFdN,+/- N Fertilization,N2O,increasing fertilizer N rate,zero N control within the same experiment,233 site-years,,0.0027,95% CI on dEF/dN,0.000842,0.0011,0.0044,percentage points of EF per kg N ha-1,"global synthesis, 84 locations",78,233,"increase, nonlinear","Shcherbak I, Millar N, Robertson GP (2014). PNAS 111:9199-9204",10.1073/pnas.1322434111,(not yet in Zotero),Abstract; fitted model Emis = (EF0 + dEF x N) x N,the emission response to increasing N input is exponential rather than linear,"DOSE RESPONSE, not a two arm contrast. Upland grain crops dEF 0.0017, rice 0.001, N fixing crops 0.018. Upland grain model Emis = (6.49 + 0.0187 N) x N in g N2O-N per ha. UNITS CORRECTED 2026-09-17: previously recorded as ""kg N2O-N per kg N per ha"", which was wrong.  dEF is percentage POINTS of EF per kg N ha-1. Verified against the paper's own upland grain fit Emis = (6.49 + 0.0187 N) N with Emis in g N2O-N/ha and N in kg N/ha: EF = 6.49 + 0.0187N g N2O-N per kg N, which is 0.649 + 0.00187N in percent, so dEF/dN = 0.00187 and the paper reports 0.0017 for upland grains. USE THE CROP SPECIFIC VALUE: upland grains 0.0017, rice 0.001, N fixing 0.018. The 0.0027 all crop mean is pulled up by N fixing crops and is not the right target for a row crop panel.",dose_response
66,FR-CH4-02,Jiang_2019_CH4_dry1,Flooding / rice,CH4,"non-continuous flooding, 1 drying event",continuous flooding,,,-32.9,95% CI on percent change,,-49.0,-11.8,percent change in CH4,global meta-analysis,,43,decrease,Jiang et al. (2019). Field Crops Research 234:47-54,10.1016/j.fcr.2019.02.010,in Zotero,"Table 2, CH4 emissions, number of drying events","1 drying event: mean -32.9, 95% CI -49.0 to -11.8, n=43","Read from Table 2 on 2026-09-17 at David request. Table 2 also gives 3 events -73.6 (-81.5 to -62.3) n=16, >3 events -75.2 (-82.2 to -65.4) n=22, and for >=2 events combined -63.4 (-70.9 to -53.9) n=60.",contrast
67,FR-CH4-03,Jiang_2019_CH4_dry2,Flooding / rice,CH4,"non-continuous flooding, 2 drying events",continuous flooding,,,-46.5,95% CI on percent change,,-61.7,-25.4,percent change in CH4,global meta-analysis,,22,decrease,Jiang et al. (2019). Field Crops Research 234:47-54,10.1016/j.fcr.2019.02.010,in Zotero,"Table 2, CH4 emissions, number of drying events","2 drying events: mean -46.5, 95% CI -61.7 to -25.4, n=22","Read from Table 2 on 2026-09-17 at David request. Table 2 also gives 3 events -73.6 (-81.5 to -62.3) n=16, >3 events -75.2 (-82.2 to -65.4) n=22, and for >=2 events combined -63.4 (-70.9 to -53.9) n=60.",contrast
