row_id,parent_evidence_id,metric_id,practice,outcome,target_type,current_target,effect_scale,value_norm,value_units,lrr,original_mean,original_units,note,val_unc_type,val_unc_value,val_unc_units,val_unc_applies_to,val_unc_derivation,se_on_analysis_scale,lrr_se,lrr_se_derivation,reported_statistic_name,reported_statistic,reported_lower,reported_upper,conversion_note
Poeplau_Don_2015_rate,Poeplau_Don_2015_rate,,+Cover Crops,Soil C,contrast,TRUE,rate,0.32,Mg C ha-1 yr-1,,0.32,Mg C ha-1 yr-1,,CI95_halfwidth,0.08,Mg C ha-1 yr-1,mean annual SOC stock change rate,reported_as_is,0.040817,,,95% confidence interval,0.08,,,"The paper states 'Errors given in the text are 95% confidence intervals' (Methods 2.2), so the reported value is a CI half-width, not a standard error. An earlier extraction recorded it as a standard error; corrected 2026-09-16 after David asked whether a valid error bar exists. SE = half-width / 1.96. Reported value preserved unchanged."
Poeplau_Don_2015_steadystate,Poeplau_Don_2015_steadystate,,+Cover Crops,Soil C,not_viable,FALSE,stock,16.7,Mg C ha-1,,16.7,"Mg C ha-1 (cumulative, 22 cm)","RothC projection to steady state over 155 yr, a model output not an observation",CI95_halfwidth,1.5,Mg C ha-1,modelled steady state SOC accumulation,reported_as_is,0.76532,,,95% confidence interval,1.5,,,"The paper states 'Errors given in the text are 95% confidence intervals' (Methods 2.2), so the reported value is a CI half-width, not a standard error. An earlier extraction recorded it as a standard error; corrected 2026-09-16 after David asked whether a valid error bar exists. SE = half-width / 1.96. Reported value preserved unchanged."
VicenteVicente_2016_OA,VicenteVicente_2016_OA,,+Non-crop C,Soil C,contrast,,rate,5.3,Mg C ha-1 yr-1,,5.3,t C ha-1 yr-1,"no dispersion reported SUPERSEDED 2026-09-17: replaced as the selected value for +Non-crop C x Soil C by Bai et al. 2023, which reports a confidence interval. Retained as contributing evidence. NOTE the two are not the same quantity: this row is a RATE, Bai is a percent change and a stock change.",none,,,,not_derivable,,,,sequestration rate,,,,
VicenteVicente_2016_CC.olive,VicenteVicente_2016_CC,,+Cover Crops,Soil C,contrast,,rate,1.1,Mg C ha-1 yr-1,,1.1 (olive); 0.78 (vineyard); 2.0 (almond),t C ha-1 yr-1,split: olive,none,,,,not_derivable,,,,sequestration rate,,,,
VicenteVicente_2016_CC.vineyard,VicenteVicente_2016_CC,,+Cover Crops,Soil C,contrast,,rate,0.78,Mg C ha-1 yr-1,,1.1 (olive); 0.78 (vineyard); 2.0 (almond),t C ha-1 yr-1,split: vineyard,none,,,,not_derivable,,,,sequestration rate,,,,
VicenteVicente_2016_CC.almond,VicenteVicente_2016_CC,,+Cover Crops,Soil C,contrast,,rate,2,Mg C ha-1 yr-1,,1.1 (olive); 0.78 (vineyard); 2.0 (almond),t C ha-1 yr-1,split: almond,none,,,,not_derivable,,,,sequestration rate,,,,
Robertson_2000_notill_SOC,Robertson_2000_notill_SOC,,Reduced tillage,Soil C,contrast,,rate,0.3,Mg C ha-1 yr-1,,30,g C m-2 yr-1,"g C m-2 yr-1 converted at 0.01 SUPERSEDED 2026-09-17 per issue #11: replaced as the selected value for Reduced tillage x Soil C by Sun et al. 2020, a synthesis constrained to California analog climate. Row retained as contributing evidence.",none,,,,not_derivable,,,,accumulation rate,,,,
Poeplau_Don_2015_global,Poeplau_Don_2015_global,,+Cover Crops,Soil C,not_viable,FALSE,total,0.12,,,0.12,Pg C yr-1,"global Pg C yr-1 extrapolation, not a per-area contrast",CI95_halfwidth,0.03,Pg C yr-1,global sequestration potential,reported_as_is,0.015306,,,uncertainty,0.03,0.09,0.15,"sheet said standard error; the paper states 'Errors given in the text are 95% confidence intervals' (Methods 2.2), so this is a CI half-width. SE = half-width / 1.96. Reported value preserved unchanged."
Siddique_2023_vs_monoculture,Siddique_2023_vs_monoculture,,Annual -> Perennial,Soil C,contrast,,relative,,,0.153579,+16.6,"percent, 0-30 cm",percent change converted to LRR,none,,,,not_derivable,,,not_derivable,percent change in SOC stock,,,,
Siddique_2023_time_dependence.lt5yr,Siddique_2023_time_dependence,,Annual -> Perennial,Soil C,contrast,,relative,,,,negative <5 yr; +36.4 vs rotation >10 yr,"percent, 0-30 cm","split: <5 yr reported only as negative, no magnitude given",none,,,,not_derivable,,,,percent change by duration,,,,
Siddique_2023_time_dependence.gt10yr,Siddique_2023_time_dependence,,Annual -> Perennial,Soil C,contrast,,relative,,,0.310422,negative <5 yr; +36.4 vs rotation >10 yr,"percent, 0-30 cm",split: >10 yr vs rotation,none,,,,not_derivable,,,not_derivable,percent change by duration,,,,
Snyder_2009_Nfert_soilC.168N,Snyder_2009_Nfert_soilC,,+/- N Fertilization,Soil C,not_viable,FALSE,stock,6.9,Mg C ha-1,,17.0 / 13.0 / 10.1,"t C ha-1, top 30 cm","split: 168 kg N vs 0 N control, both arms reported so LRR derivable",none,,,,not_derivable,,,,corn-derived SOC by N rate (168 / 83 / 0),,,,"Table 2 column heading is 'SOC derived from corn', the isotopically traced corn fraction, not total SOC. The text states total soil organic C DECLINED in all treatments and only the corn-signature fraction accumulated faster under N. Recording this as a total SOC gain had the sign opposite to the actual total SOC trajectory. SIPNET has one undifferentiated soil pool and cannot produce an isotopically partitioned fraction, so this is not a usable target."
Snyder_2009_Nfert_soilC.83N,Snyder_2009_Nfert_soilC,,+/- N Fertilization,Soil C,not_viable,FALSE,stock,2.9,Mg C ha-1,,17.0 / 13.0 / 10.1,"t C ha-1, top 30 cm",split: 83 kg N vs 0 N control,none,,,,not_derivable,,,,corn-derived SOC by N rate (168 / 83 / 0),,,,"Table 2 column heading is 'SOC derived from corn', the isotopically traced corn fraction, not total SOC. The text states total soil organic C DECLINED in all treatments and only the corn-signature fraction accumulated faster under N. Recording this as a total SOC gain had the sign opposite to the actual total SOC trajectory. SIPNET has one undifferentiated soil pool and cannot produce an isotopically partitioned fraction, so this is not a usable target."
Kirk_2015_flooded_rice_soilC.site1,Kirk_2015_flooded_rice_soilC,,Flooding / rice,Soil C,needs_source_check,,rate,-2.473,Mg C ha-1 yr-1,,2473 and 2241,kg C ha-1 yr-1 net loss,"absolute loss under flooded rice, comparator drained cropping value not extracted so contrast cannot be formed",none,,,,not_derivable,,,,range across sites and assumptions,1149 to 2473,1149,2473,
Kirk_2015_flooded_rice_soilC.site2,Kirk_2015_flooded_rice_soilC,,Flooding / rice,Soil C,needs_source_check,,rate,-2.241,Mg C ha-1 yr-1,,2473 and 2241,kg C ha-1 yr-1 net loss,"as above, second site",none,,,,not_derivable,,,,range across sites and assumptions,1149 to 2473,1149,2473,
Cayuela_2017_irrigation.drip,Cayuela_2017_irrigation,,+/- N Fertilization,N2O,contrast,,ef,0.0051,fraction of N applied,-0.579034,0.51 vs 0.91,percent of N applied,"split: drip vs sprinkler, both arms given",none,,,,not_derivable,,,not_derivable,emission factor,,,,
Cayuela_2017_irrigation.sprinkler,Cayuela_2017_irrigation,,+/- N Fertilization,N2O,contrast,,ef,0.0091,fraction of N applied,,0.51 vs 0.91,percent of N applied,"split: sprinkler arm, the comparator",none,,,,not_derivable,,,,emission factor,,,,
Cayuela_2017_rainfed_irrigated.rainfed,Cayuela_2017_rainfed_irrigated,,+/- N Fertilization,N2O,contrast,,ef,0.0027,fraction of N applied,-0.847298,0.27 vs 0.63,percent of N applied,split: rainfed vs irrigated,none,,,,not_derivable,,,not_derivable,emission factor,,,,
Cayuela_2017_rainfed_irrigated.irrigated,Cayuela_2017_rainfed_irrigated,,+/- N Fertilization,N2O,contrast,,ef,0.0063,fraction of N applied,,0.27 vs 0.63,percent of N applied,split: irrigated arm,none,,,,not_derivable,,,,emission factor,,,,
Cayuela_2017_croptype.low,Cayuela_2017_croptype,,+/- N Fertilization,N2O,contrast,,ef,0.0026,fraction of N applied,-1.160744,0.26 vs 0.83,percent of N applied,split: crop type contrast,none,,,,not_derivable,,,not_derivable,emission factor,,,,
Cayuela_2017_croptype.high,Cayuela_2017_croptype,,+/- N Fertilization,N2O,contrast,,ef,0.0083,fraction of N applied,,0.26 vs 0.83,percent of N applied,split: comparator arm,none,,,,not_derivable,,,,emission factor,,,,
Li_2024_EF_by_type.a,Li_2024_EF_by_type,,+/- N Fertilization,N2O,contrast,,ef,0.01,fraction of N applied,0.223144,1.0 vs 0.8,percent of N applied,split: EF by fertilizer type,none,,,,not_derivable,,,not_derivable,emission factor,,,,
Li_2024_EF_by_type.b,Li_2024_EF_by_type,,+/- N Fertilization,N2O,contrast,,ef,0.008,fraction of N applied,,1.0 vs 0.8,percent of N applied,split: comparator arm,none,,,,not_derivable,,,,emission factor,,,,
Liu_2017_EFc,Liu_2017_EFc,,+/- N Fertilization,N2O,not_viable,FALSE,ef,0.0258,fraction of N applied,,2.58,percent of N applied (combined NO + N2O emission factor),"COMBINED NO + N2O emission factor, not pure N2O; SE derived from the 95 pct CI",SE,0.00392864,fraction of N applied,the combined NO+N2O emission factor,derived_from_CI95,0.00392864,,,95% confidence interval,1.81 to 3.35,1.81,3.35,"95% CI 1.81 to 3.35 percent -> SE = (upper-lower)/3.92 on the fraction scale. Approximate. Row is not_viable anyway: the EF is combined NO + N2O, not N2O."
Liu_2017_veg,Liu_2017_veg,,+/- N Fertilization,N2O,not_viable,FALSE,ef,0.0413,fraction of N applied,,4.13,percent of N applied (NO + N2O),"COMBINED NO + N2O, not pure N2O",none,,,,not_derivable,,,,emission factor,,,,
Liu_2017_ammonium_nitrate,Liu_2017_ammonium_nitrate,,+/- N Fertilization,N2O,not_viable,FALSE,ef,0.0597,fraction of N applied,,5.97,percent of N applied,"COMBINED NO + N2O, not pure N2O",none,,,,not_derivable,,,,combined NO+N2O emission factor,,,,
Leschinsky_2026_EF_benchmarks,Leschinsky_2026_EF_benchmarks,,+/- N Fertilization,N2O,not_viable,FALSE,ef,,fraction of N applied,,see note,percent of N applied,"no effect size reported, only a random forest R2",none,,,,not_derivable,,,,random forest R2,"0.54 area-scaled, 0.72 yield-scaled, 0.69 EF",,,
VanKessel_2013_dry_short,VanKessel_2013_dry_short,,Reduced tillage,N2O,contrast,TRUE,relative,,,0.322,+57,percent,"dry climate, short term no till",SE,0.124,LRR (dimensionless),"the LRR of NT/RT vs CT, area-scaled N2O",digitised_from_figure_CI95,0.124,0.124,digitised_from_figure_CI95,"significant change, yield-scaled",,,,"replaced the abstract's yield-scaled figure with the area-scaled value digitised from van Kessel Fig 2a (`data_processing` tab row 13). Fig 1a and 2a are area-scaled N2O, Fig 1c and 2c are yield-scaled; area-scaled is what the model produces, so the quantity has changed as well as the precision. n = 40 comparisons from 7 studies. dry climate, under 10 years since initiation. Model runs compared against this should be matched to that window, roughly 5 years after initiation."
VanKessel_2013_dry_long,VanKessel_2013_dry_long,,Reduced tillage,N2O,contrast,DEFER,relative,,,-0.419,-27,percent,"dry climate, long term no till; sign flips vs short term",SE,0.132,LRR (dimensionless),"the LRR of NT/RT vs CT, area-scaled N2O",digitised_from_figure_CI95,0.132,0.132,digitised_from_figure_CI95,"significant change, yield-scaled",,,,"replaced the abstract's yield-scaled figure with the area-scaled value digitised from van Kessel Fig 2a (`data_processing` tab row 14). Fig 1a and 2a are area-scaled N2O, Fig 1c and 2c are yield-scaled; area-scaled is what the model produces, so the quantity has changed as well as the precision. n = 16 comparisons from 2 studies. dry climate, 10 years or more since initiation. Match to roughly 15 years after initiation. Only 2 studies behind it."
VanKessel_2013_overall,VanKessel_2013_overall,,Reduced tillage,N2O,contrast,DEFER,relative,,,0.003,no significant change,area-scaled N2O,"null result, no significant change; informative as an effect near zero but no interval given",SE,0.054,LRR (dimensionless),"the LRR of NT/RT vs CT, area-scaled N2O",digitised_from_figure_CI95,0.054,0.054,digitised_from_figure_CI95,meta-analysis mean,,,,"replaced the abstract's yield-scaled figure with the area-scaled value digitised from van Kessel Fig 1a (`data_processing` tab row 5). Fig 1a and 2a are area-scaled N2O, Fig 1c and 2c are yield-scaled; area-scaled is what the model produces, so the quantity has changed as well as the precision. n = 239 comparisons from 41 studies. previously blank after removing an lrr of 0.0 taken from 'no significant change'. The figure gives an actual estimate with an interval, so the null result is now quantified rather than assumed."
Li_2023_NTRT,Li_2023_NTRT,,Reduced tillage,N2O,contrast,,relative,,,-0.116534,-11,percent,95 pct CI -19 to -1 pct converted to LRR then SE; one of the few rows with a real interval,SE,0.051193,LRR (dimensionless),the LRR of NT/RT vs CT N2O,derived_from_CI95,0.051193,0.051193,derived_from_CI95,95% confidence interval,-19 to -1,-19,-1,"source reports 95% CI -19 to -1 percent. Bounds converted to LRR first, then SE = (upper - lower)/3.92. Approximate, assumes normality and symmetry on the log scale. Reported percent and bounds preserved."
Li_2024_deficit_irrigation,Li_2024_deficit_irrigation,SPEC-N2O-03,Deficit irrigation,N2O,contrast,,relative,,,-0.967584,-62,percent,,none,,,,not_derivable,,,not_derivable,percent change,,,,"Deficit versus full irrigation in specialty crops, not a rice flooding contrast. Reported yield penalty is 18%."
Jiang_2019_N2O_tradeoff,Jiang_2019_N2O_tradeoff,,Flooding / rice,N2O,contrast,,relative,,,0.71784,+105,percent,,none,,,,not_derivable,,,not_derivable,percent change,,,,
Basche_2014_split,Basche_2014_split,,+Cover Crops,N2O,not_viable,FALSE,relative,,,,60% of observations positive LRR / 40% negative,dimensionless LRR,"reports share of observations positive, a vote count not an effect size",none,,,,not_derivable,,,,log response ratio (LRR),,,,
Li_2023_covercrops,Li_2023_covercrops,,+Cover Crops,N2O,not_viable,FALSE,relative,,,,variable,percent change,"reported as variable, no magnitude",none,,,,not_derivable,,,,meta-forest,,,,
Li_2024_legume_covercrop,Li_2024_legume_covercrop,,+Cover Crops,N2O,not_viable,FALSE,relative,,,,increase,percent change,"direction only, effect size is in a figure",none,,,,not_derivable,,,,effect size (see Figure 4),,,,
Liu_2017_inhibitors,Liu_2017_inhibitors,,+/- N Fertilization,N2O,not_viable,FALSE,relative,,,-1.660731,-81,percent,"WRONG OUTCOME: this is soil NO, not N2O",none,,,,not_derivable,,,not_derivable,percent change in soil NO,,,,
Liu_2017_source_type,Liu_2017_source_type,,+/- N Fertilization,N2O,not_viable,FALSE,relative,,,,+38 (synthetic) vs +20 (organic) vs +18 (mixed),percent,"WRONG OUTCOME: percent enhancement of soil NO, and two values in one cell",none,,,,not_derivable,,,,percent enhancement of soil NO,,,,
Li_2024_specialty_global,Li_2024_specialty_global,,Specialty crops,N2O,not_viable,FALSE,total,1,Tg N2O-N yr-1,,1.0,Tg N2O-N yr-1,"global Tg N2O-N yr-1 with no area attached, so nothing for the model to be scored against; viable only if the source reports specialty crop area",none,,,,not_derivable,,,,range,0.5 to 4.5,0.5,4.5,
Li_2024_global_DISCREPANCY,Li_2024_global_DISCREPANCY,,Specialty crops,N2O,not_viable,FALSE,total,,Tg N2O-N yr-1,,1.0 (abstract) vs 1.5 (conclusions),Tg N2O-N yr-1,"source contradicts itself, 1.0 in abstract vs 1.5 in conclusions",none,,,,not_derivable,,,,internal inconsistency,,,,
Snyder_2009_notill_N2O.notill,Snyder_2009_notill_N2O,,Reduced tillage,N2O,contrast,,flux,0.68,kg N2O-N ha-1 yr-1,-0.334369,0.68 vs 0.95,kg N2O-N ha-1 yr-1,"split: no till vs conventional, both arms given so LRR derivable; SD is on the no till arm",SD,0.57,kg N2O-N ha-1 yr-1,"the no-till ARM mean flux, variation among lands; NOT the uncertainty of the LRR",reported_as_is,,,not_derivable,standard deviation,0.57 (no-till); 0.98 (tilled),,,"was previously placed alongside the LRR, implying it was the LRR's uncertainty. It is not. var(lnR) needs n per arm, which this inventory estimate does not report, so no SE of the LRR is derivable. Arm SDs overlap heavily (0.68 +/- 0.57 vs 0.95 +/- 0.98)."
Snyder_2009_notill_N2O.conv,Snyder_2009_notill_N2O,,Reduced tillage,N2O,contrast,,flux,0.95,kg N2O-N ha-1 yr-1,,0.68 vs 0.95,kg N2O-N ha-1 yr-1,split: conventional comparator arm,SD,0.98,kg N2O-N ha-1 yr-1,"the conventional-till ARM mean flux, variation among lands",reported_as_is,,,,standard deviation,0.57 (no-till); 0.98 (tilled),,,"comparator arm SD, recorded so both arms carry their own dispersion."
Bouwman_2002_controls,Bouwman_2002_controls,,+/- N Fertilization,N2O,not_viable,,,,,,no single EF reported,n/a,"summary of controlling factors, no single EF reported",none,,,,not_derivable,,,,summary of controls,,,,
Ma_2021_straw_N2O,Ma_2021_straw_N2O,,+Non-crop C,N2O,not_viable,,,,,,all straw treatments below control,soil N2O emission,"ranking only, no magnitude",none,,,,not_derivable,,,,ranking,CK > SM > S > SI > SB,,,
IPCC_2019_no_pdf,IPCC_2019_no_pdf,,+/- N Fertilization,N2O,not_viable,,,,,,NOT EXTRACTED,n/a,"not extracted, no PDF in the library",none,,,,not_derivable,,,,n/a,,,,
Six_2004_CH4,Six_2004_CH4,,Reduced tillage,CH4,contrast,,flux,-0.6,kg CH4 ha-1 yr-1,,-0.6,kg CH4 ha-1 yr-1 (uptake),"no till vs conventional, increased CH4 uptake; the only CH4 row with a reported SE",SE,0.1,kg CH4 ha-1 yr-1,the mean CH4 uptake enhancement under NT,reported_as_is,0.1,,,standard error,0.1,,,confirmed SE: table caption states 'SE = standard error'.
Jiang_2019_CH4,Jiang_2019_CH4,,Flooding / rice,CH4,contrast,,relative,,,-0.755023,-53,percent,"intermittent vs continuous flooding SUPERSEDED 2026-09-17: the -53 percent headline carries no dispersion, which is why a blanket spread was used. Table 2 gives the same effect stratified by number of drying events WITH confidence intervals, so those rows replace it. Retained as contributing evidence.",none,,,,not_derivable,,,not_derivable,percent change,,,,
Robertson_2000_CH4_oxidation,Robertson_2000_CH4_oxidation,,Annual -> Perennial,CH4,not_viable,,,,,,GWP neutral via CH4 oxidation,g CO2 equivalents m-2 yr-1,"stated as GWP neutral via CH4 oxidation, no CH4 magnitude given",none,,,,not_derivable,,,,net GWP,,,,
Ma_2021_straw_CH4,Ma_2021_straw_CH4,,+Non-crop C,CH4,not_viable,,,,,,"tracks the CO2 response: down under biochar, up under straw+inoculant and straw",soil CH4 emission,"qualitative, direction varies by straw form",none,,,,not_derivable,,,,qualitative,,,,
Conrad_2007_excluded,Conrad_2007_excluded,,Flooding / rice,CH4,not_viable,,,,,,no quantitative synthesis reported,n/a,no quantitative synthesis reported in the source,none,,,,not_derivable,,,,n/a,,,,
Snyder_2009_Nfert_CH4,Snyder_2009_Nfert_CH4,,+/- N Fertilization,CH4,not_viable,,,,,,qualitative,n/a,"direction only, reduced CH4 uptake",none,,,,not_derivable,,,,direction only,,,,
Sun_2020_notill_SOC_CAanalog,Sun_2020_notill_SOC_CAanalog,RT-SOC-02,Reduced tillage,Soil C,contrast,,rate,0.2162,Mg C ha-1 yr-1,0.055534,0.2162,Mg C ha-1 yr-1,"no-till vs conventional till, 0-30 cm, annualised stock difference",SD,0.4478,Mg C ha-1 yr-1,"population, among the 23 sites; NOT the precision of the mean",computed_from_source_table,0.093381,0.020085,sd of site LRRs / sqrt(23),"derived, not reported",0.4478,,,"Derived from Sun et al. 2020 Table S1 by the script given in issue #11, run unmodified. Filter: MAT 10-20 C and MAP/MAT < 40, giving a Mediterranean to semi-arid envelope of MAT 12.5-20 C and MAP 355-690 mm, which brackets Central Valley conditions. 62 no-till versus conventional-till comparisons at 23 named sites, each site weighted equally after averaging its own comparisons. SE on the mean is 0.0934 Mg C ha-1 yr-1; the SD above is the among site spread. Mean LRR 0.0555, +5.7 percent."
Bai_2023_OA_SOC,Bai_2023_OA_SOC,NC-SOC-02,+Non-crop C,Soil C,contrast,,ratio,0.23823,LRR (dimensionless),0.23823,26.9,percent change in SOC,"organic amendment vs unamended control, global synthesis",CI95_halfwidth,0.7,percent,"the mean percent change across 1972 comparisons; precision of the mean, NOT among site variability",reported_as_is,0.002814,0.002814,(ln(1.276)-ln(1.262))/3.92,95% confidence interval,0.7,26.2,27.6,"Percent change converted to LRR as ln(1+pct/100). SE is very small because n=1972 comparisons, so this pins the mean tightly and says nothing about how much individual sites vary. Bai also reports the effect as a stock change of 5.1 +/- 0.4 Mg C ha-1; that is a STOCK, whereas the superseded Vicente-Vicente value was a RATE in Mg C ha-1 yr-1, and the two must not be interchanged."
Shcherbak_2014_dEFdN,Shcherbak_2014_dEFdN,NF-N2O-02,+/- N Fertilization,N2O,dose_response,,slope,0.0027,percentage points of EF per kg N ha-1,,0.0027,kg N2O-N per kg N per ha,rate of change of the N2O emission factor with fertilizer N rate,CI95_halfwidth,0.00085,percentage points of EF per kg N ha-1,"the mean dEF across 233 site-years, the variant retaining four outliers",computed_from_reported_CI,0.00085,,,SEM,0.00085,0.0011,0.0044,"NOT A TWO ARM CONTRAST. This is the slope of the emission factor against N rate in the model Emis = (EF0 + dEF x N) x N, so the matching model quantity is how fast modelled N2O rises with N rate, not a ratio between two treatments. Crop specific slopes: upland grains 0.0017, rice 0.001, N fixing crops 0.018. For upland grains the fitted model is Emis = (6.49 + 0.0187 N) x N in g N2O-N per ha. UNITS CORRECTED 2026-09-17: previously recorded as ""kg N2O-N per kg N per ha"", which was wrong.  dEF is percentage POINTS of EF per kg N ha-1. Verified against the paper's own upland grain fit Emis = (6.49 + 0.0187 N) N with Emis in g N2O-N/ha and N in kg N/ha: EF = 6.49 + 0.0187N g N2O-N per kg N, which is 0.649 + 0.00187N in percent, so dEF/dN = 0.00187 and the paper reports 0.0017 for upland grains. USE THE CROP SPECIFIC VALUE: upland grains 0.0017, rice 0.001, N fixing 0.018. The 0.0027 all crop mean is pulled up by N fixing crops and is not the right target for a row crop panel. Table S3 gives SEM 0.00085 for this group directly, matching the 0.000842 derived from the published CI. NOTE Table S3 lists two all crop variants: 0.0027 with four outliers retained (n=233) and 0.0024 with them excluded (n=229, SEM 0.00053). Table S3 is used as printed and cannot be rebuilt from the released Dataset S1: deltaEF is populated for 233 site-years matching the table, but CropType for only 78, so the group means cannot be reconstructed from the released data."
Jiang_2019_CH4_dry1,Jiang_2019_CH4_dry1,FR-CH4-dry1,Flooding / rice,CH4,contrast,,ratio,-0.39899,LRR (dimensionless),-0.39899,-32.9,percent change in CH4,"1 drying event, n=43 observations",CI95_halfwidth,0.27389,LRR,"the mean LRR of non-continuous vs continuous flooding, CH4",computed_from_reported_CI,0.13974,0.13974,(ln(1+hi/100)-ln(1+lo/100))/3.92,95% confidence interval,-49.0 to -11.8,-49.0,-11.8,"Table 2. Percent change converted to LRR as ln(1+pct/100); the CI bounds converted the same way. Replaces the assumed blanket SE of 0.707 with a reported one of 0.140, about five times narrower."
Jiang_2019_CH4_dry2,Jiang_2019_CH4_dry2,FR-CH4-dry2,Flooding / rice,CH4,contrast,,ratio,-0.62549,LRR (dimensionless),-0.62549,-46.5,percent change in CH4,"2 drying events, n=22 observations",CI95_halfwidth,0.33335,LRR,"the mean LRR of non-continuous vs continuous flooding, CH4",computed_from_reported_CI,0.17007,0.17007,(ln(1+hi/100)-ln(1+lo/100))/3.92,95% confidence interval,-61.7 to -25.4,-61.7,-25.4,"Table 2. Percent change converted to LRR as ln(1+pct/100); the CI bounds converted the same way. Replaces the assumed blanket SE of 0.707 with a reported one of 0.170, about five times narrower."
Jiang_2019_CH4_dry3,Jiang_2019_CH4,FR-CH4-dry3,Flooding / rice,CH4,contrast,,ratio,-1.33181,LRR (dimensionless),-1.33181,-73.6,percent change in CH4,"3 drying events, n=16 observations",CI95_halfwidth,0.35594,LRR,"the mean LRR of non-continuous vs continuous flooding, CH4",computed_from_reported_CI,0.18160,0.18160,(ln(1+hi/100)-ln(1+lo/100))/3.92,95% confidence interval,-81.5 to -62.3,-81.5,-62.3,"Table 2, CH4 by number of drying events. Percent change converted to LRR as ln(1+pct/100), CI bounds converted the same way."
Jiang_2019_CH4_dry_gt3,Jiang_2019_CH4,FR-CH4-dry_gt3,Flooding / rice,CH4,contrast,,ratio,-1.39433,LRR (dimensionless),-1.39433,-75.2,percent change in CH4,"more than 3 drying events, n=22 observations",CI95_halfwidth,0.33233,LRR,"the mean LRR of non-continuous vs continuous flooding, CH4",computed_from_reported_CI,0.16955,0.16955,(ln(1+hi/100)-ln(1+lo/100))/3.92,95% confidence interval,-82.2 to -65.4,-82.2,-65.4,"Table 2, CH4 by number of drying events. Percent change converted to LRR as ln(1+pct/100), CI bounds converted the same way."
Jiang_2019_CH4_dry_ge2,Jiang_2019_CH4,FR-CH4-dry_ge2,Flooding / rice,CH4,contrast,,ratio,-1.00512,LRR (dimensionless),-1.00512,-63.4,percent change in CH4,"2 or more drying events, combined, n=60 observations",CI95_halfwidth,0.23004,LRR,"the mean LRR of non-continuous vs continuous flooding, CH4",computed_from_reported_CI,0.11737,0.11737,(ln(1+hi/100)-ln(1+lo/100))/3.92,95% confidence interval,-70.9 to -53.9,-70.9,-53.9,"Table 2, CH4 by number of drying events. Percent change converted to LRR as ln(1+pct/100), CI bounds converted the same way."
Shcherbak_2014_dEFdN_upland_grains,Shcherbak_2014_dEFdN,NF-N2O-02,+/- N Fertilization,N2O,dose_response,,slope,0.0017,percentage points of EF per kg N ha-1,,0.0017,percentage points of EF per kg N ha-1,"crop group: upland grains, n=121 site-years",SE,0.00056,percentage points of EF per kg N ha-1,the mean dEF across the 121 site-years in this crop group,reported_as_is,0.00056,,,SEM,0.00056,,,"Published Table S3 crop-group mean and SEM. Prefer non-N-fixing versus N-fixing groups for a mixed panel. Nonsignificant differences among finer groups do not establish equivalence. Aggregate and subgroup estimates overlap: select one applicable group, not multiple independent constraints. Dataset S1 lacks enough crop labels to reconstruct these statistics."
Shcherbak_2014_dEFdN_rice,Shcherbak_2014_dEFdN,NF-N2O-02,+/- N Fertilization,N2O,dose_response,,slope,0.0009,percentage points of EF per kg N ha-1,,0.0009,percentage points of EF per kg N ha-1,"crop group: rice, n=16 site-years",SE,0.00028,percentage points of EF per kg N ha-1,the mean dEF across the 16 site-years in this crop group,reported_as_is,0.00028,,,SEM,0.00028,,,"Published Table S3 crop-group mean and SEM. Prefer non-N-fixing versus N-fixing groups for a mixed panel. Nonsignificant differences among finer groups do not establish equivalence. Aggregate and subgroup estimates overlap: select one applicable group, not multiple independent constraints. Dataset S1 lacks enough crop labels to reconstruct these statistics."
Shcherbak_2014_dEFdN_perennial_grass_or_forage,Shcherbak_2014_dEFdN,NF-N2O-02,+/- N Fertilization,N2O,dose_response,,slope,0.0033,percentage points of EF per kg N ha-1,,0.0033,percentage points of EF per kg N ha-1,"crop group: perennial grass or forage, n=41 site-years",SE,0.00126,percentage points of EF per kg N ha-1,the mean dEF across the 41 site-years in this crop group,reported_as_is,0.00126,,,SEM,0.00126,,,"Published Table S3 crop-group mean and SEM. Prefer non-N-fixing versus N-fixing groups for a mixed panel. Nonsignificant differences among finer groups do not establish equivalence. Aggregate and subgroup estimates overlap: select one applicable group, not multiple independent constraints. Dataset S1 lacks enough crop labels to reconstruct these statistics."
Shcherbak_2014_dEFdN_N_fixing_crops,Shcherbak_2014_dEFdN,NF-N2O-02,+/- N Fertilization,N2O,dose_response,,slope,0.0181,percentage points of EF per kg N ha-1,,0.0181,percentage points of EF per kg N ha-1,"crop group: N fixing crops, n=7 site-years",SE,0.00497,percentage points of EF per kg N ha-1,the mean dEF across the 7 site-years in this crop group,reported_as_is,0.00497,,,SEM,0.00497,,,"Published Table S3 crop-group mean and SEM. Prefer non-N-fixing versus N-fixing groups for a mixed panel. Nonsignificant differences among finer groups do not establish equivalence. Aggregate and subgroup estimates overlap: select one applicable group, not multiple independent constraints. Dataset S1 lacks enough crop labels to reconstruct these statistics."
Shcherbak_2014_dEFdN_non_N_fixing_crops,Shcherbak_2014_dEFdN,NF-N2O-02,+/- N Fertilization,N2O,dose_response,,slope,0.0018,percentage points of EF per kg N ha-1,,0.0018,percentage points of EF per kg N ha-1,"crop group: non N fixing crops, n=221 site-years",SE,0.00048,percentage points of EF per kg N ha-1,the mean dEF across the 221 site-years in this crop group,reported_as_is,0.00048,,,SEM,0.00048,,,"Published Table S3 crop-group mean and SEM. Prefer non-N-fixing versus N-fixing groups for a mixed panel. Nonsignificant differences among finer groups do not establish equivalence. Aggregate and subgroup estimates overlap: select one applicable group, not multiple independent constraints. Dataset S1 lacks enough crop labels to reconstruct these statistics."
Cayuela_2017_EFmed_target,Cayuela_2017_EFmed,NF-N2O-03,+/- N Fertilization,N2O,absolute_level,,ef,0.5,percent of N applied,,0.5,percent of N applied,"EFMed, Mediterranean cropping, treatments with inhibitors excluded",CI95_halfwidth,0.12,percent of N applied,the mean EFMed across N=200 observations,reported_as_is,0.06122,,,95% confidence interval,0.12,0.38,0.62,"EF level target, added 2026-09-18 per David: the level and the slope test different things, whether the modelled EF magnitude is reasonable for Mediterranean agriculture, and whether EF rises with N rate at the right rate. Cayuela et al. 2017 give EFMed 0.50 percent with a 95% CI half width of 0.12 over N=200 observations, so SE is 0.0612 percentage points. Mediterranean climate makes this the closest measured analogue to California. Read alongside the Shcherbak subclasses, not instead of them: this constrains the level, they constrain the slope."
