site_id,treatment,status,reason,completion_path
328163,rice_one_dry,inapplicable,No rice crop in monitoring-derived or source-completed calendar,There is no rice in this rotation. Extending rice-water treatments would require a different cash-crop experiment.
328163,rice_two_dry,inapplicable,No rice crop in monitoring-derived or source-completed calendar,There is no rice in this rotation. Extending rice-water treatments would require a different cash-crop experiment.
26336,cover_annual,model_unsupported,Standing woody/perennial forage vegetation plus understory requires two vegetation populations,Concurrent vegetation populations are needed for standing perennial vegetation plus cover. A replacement-vegetation or amendment proxy defines a different comparison.
26336,rice_one_dry,inapplicable,No rice crop in monitoring-derived or source-completed calendar,There is no rice in this rotation. Extending rice-water treatments would require a different cash-crop experiment.
26336,rice_two_dry,inapplicable,No rice crop in monitoring-derived or source-completed calendar,There is no rice in this rotation. Extending rice-water treatments would require a different cash-crop experiment.
565118,rice_one_dry,inapplicable,No rice crop in monitoring-derived or source-completed calendar,There is no rice in this rotation. Extending rice-water treatments would require a different cash-crop experiment.
565118,rice_two_dry,inapplicable,No rice crop in monitoring-derived or source-completed calendar,There is no rice in this rotation. Extending rice-water treatments would require a different cash-crop experiment.
159849,cover_annual,model_unsupported,Standing woody/perennial forage vegetation plus understory requires two vegetation populations,Concurrent vegetation populations are needed for standing perennial vegetation plus cover. A replacement-vegetation or amendment proxy defines a different comparison.
159849,rice_one_dry,inapplicable,No rice crop in monitoring-derived or source-completed calendar,There is no rice in this rotation. Extending rice-water treatments would require a different cash-crop experiment.
159849,rice_two_dry,inapplicable,No rice crop in monitoring-derived or source-completed calendar,There is no rice in this rotation. Extending rice-water treatments would require a different cash-crop experiment.
522375,rice_one_dry,inapplicable,No rice crop in monitoring-derived or source-completed calendar,There is no rice in this rotation. Extending rice-water treatments would require a different cash-crop experiment.
522375,rice_two_dry,inapplicable,No rice crop in monitoring-derived or source-completed calendar,There is no rice in this rotation. Extending rice-water treatments would require a different cash-crop experiment.
534243,cover_annual,model_unsupported,Standing woody/perennial forage vegetation plus understory requires two vegetation populations,Concurrent vegetation populations are needed for standing perennial vegetation plus cover. A replacement-vegetation or amendment proxy defines a different comparison.
534243,rice_one_dry,inapplicable,No rice crop in monitoring-derived or source-completed calendar,There is no rice in this rotation. Extending rice-water treatments would require a different cash-crop experiment.
534243,rice_two_dry,inapplicable,No rice crop in monitoring-derived or source-completed calendar,There is no rice in this rotation. Extending rice-water treatments would require a different cash-crop experiment.
169473,cover_annual,model_unsupported,Standing woody/perennial forage vegetation plus understory requires two vegetation populations,Concurrent vegetation populations are needed for standing perennial vegetation plus cover. A replacement-vegetation or amendment proxy defines a different comparison.
169473,rice_one_dry,inapplicable,No rice crop in monitoring-derived or source-completed calendar,There is no rice in this rotation. Extending rice-water treatments would require a different cash-crop experiment.
169473,rice_two_dry,inapplicable,No rice crop in monitoring-derived or source-completed calendar,There is no rice in this rotation. Extending rice-water treatments would require a different cash-crop experiment.
592578,rice_one_dry,inapplicable,No rice crop in monitoring-derived or source-completed calendar,There is no rice in this rotation. Extending rice-water treatments would require a different cash-crop experiment.
592578,rice_two_dry,inapplicable,No rice crop in monitoring-derived or source-completed calendar,There is no rice in this rotation. Extending rice-water treatments would require a different cash-crop experiment.
557284,rice_one_dry,inapplicable,No rice crop in monitoring-derived or source-completed calendar,There is no rice in this rotation. Extending rice-water treatments would require a different cash-crop experiment.
557284,rice_two_dry,inapplicable,No rice crop in monitoring-derived or source-completed calendar,There is no rice in this rotation. Extending rice-water treatments would require a different cash-crop experiment.
590334,cover_annual,model_unsupported,Standing woody/perennial forage vegetation plus understory requires two vegetation populations,Concurrent vegetation populations are needed for standing perennial vegetation plus cover. A replacement-vegetation or amendment proxy defines a different comparison.
590334,rice_one_dry,inapplicable,No rice crop in monitoring-derived or source-completed calendar,There is no rice in this rotation. Extending rice-water treatments would require a different cash-crop experiment.
590334,rice_two_dry,inapplicable,No rice crop in monitoring-derived or source-completed calendar,There is no rice in this rotation. Extending rice-water treatments would require a different cash-crop experiment.
16073,rice_one_dry,inapplicable,No rice crop in monitoring-derived or source-completed calendar,There is no rice in this rotation. Extending rice-water treatments would require a different cash-crop experiment.
16073,rice_two_dry,inapplicable,No rice crop in monitoring-derived or source-completed calendar,There is no rice in this rotation. Extending rice-water treatments would require a different cash-crop experiment.
420343,rice_one_dry,inapplicable,No rice crop in monitoring-derived or source-completed calendar,There is no rice in this rotation. Extending rice-water treatments would require a different cash-crop experiment.
420343,rice_two_dry,inapplicable,No rice crop in monitoring-derived or source-completed calendar,There is no rice in this rotation. Extending rice-water treatments would require a different cash-crop experiment.
415399,cover_annual,model_unsupported,Standing woody/perennial forage vegetation plus understory requires two vegetation populations,Concurrent vegetation populations are needed for standing perennial vegetation plus cover. A replacement-vegetation or amendment proxy defines a different comparison.
415399,rice_one_dry,inapplicable,No rice crop in monitoring-derived or source-completed calendar,There is no rice in this rotation. Extending rice-water treatments would require a different cash-crop experiment.
415399,rice_two_dry,inapplicable,No rice crop in monitoring-derived or source-completed calendar,There is no rice in this rotation. Extending rice-water treatments would require a different cash-crop experiment.
514070,cover_annual,model_unsupported,Standing woody/perennial forage vegetation plus understory requires two vegetation populations,Concurrent vegetation populations are needed for standing perennial vegetation plus cover. A replacement-vegetation or amendment proxy defines a different comparison.
514070,rice_one_dry,inapplicable,No rice crop in monitoring-derived or source-completed calendar,There is no rice in this rotation. Extending rice-water treatments would require a different cash-crop experiment.
514070,rice_two_dry,inapplicable,No rice crop in monitoring-derived or source-completed calendar,There is no rice in this rotation. Extending rice-water treatments would require a different cash-crop experiment.
52519,rice_one_dry,inapplicable,No rice crop in monitoring-derived or source-completed calendar,There is no rice in this rotation. Extending rice-water treatments would require a different cash-crop experiment.
52519,rice_two_dry,inapplicable,No rice crop in monitoring-derived or source-completed calendar,There is no rice in this rotation. Extending rice-water treatments would require a different cash-crop experiment.
90,cover_annual,model_unsupported,Standing woody/perennial forage vegetation plus understory requires two vegetation populations,Concurrent vegetation populations are needed for standing perennial vegetation plus cover. A replacement-vegetation or amendment proxy defines a different comparison.
90,rice_one_dry,inapplicable,No rice crop in monitoring-derived or source-completed calendar,There is no rice in this rotation. Extending rice-water treatments would require a different cash-crop experiment.
90,rice_two_dry,inapplicable,No rice crop in monitoring-derived or source-completed calendar,There is no rice in this rotation. Extending rice-water treatments would require a different cash-crop experiment.
248496,cover_annual,model_unsupported,Standing woody/perennial forage vegetation plus understory requires two vegetation populations,Concurrent vegetation populations are needed for standing perennial vegetation plus cover. A replacement-vegetation or amendment proxy defines a different comparison.
248496,rice_one_dry,inapplicable,No rice crop in monitoring-derived or source-completed calendar,There is no rice in this rotation. Extending rice-water treatments would require a different cash-crop experiment.
248496,rice_two_dry,inapplicable,No rice crop in monitoring-derived or source-completed calendar,There is no rice in this rotation. Extending rice-water treatments would require a different cash-crop experiment.
332581,rice_one_dry,inapplicable,No rice crop in monitoring-derived or source-completed calendar,There is no rice in this rotation. Extending rice-water treatments would require a different cash-crop experiment.
332581,rice_two_dry,inapplicable,No rice crop in monitoring-derived or source-completed calendar,There is no rice in this rotation. Extending rice-water treatments would require a different cash-crop experiment.
296871,rice_one_dry,inapplicable,No rice crop in monitoring-derived or source-completed calendar,There is no rice in this rotation. Extending rice-water treatments would require a different cash-crop experiment.
296871,rice_two_dry,inapplicable,No rice crop in monitoring-derived or source-completed calendar,There is no rice in this rotation. Extending rice-water treatments would require a different cash-crop experiment.
488132,rice_one_dry,inapplicable,No rice crop in monitoring-derived or source-completed calendar,There is no rice in this rotation. Extending rice-water treatments would require a different cash-crop experiment.
488132,rice_two_dry,inapplicable,No rice crop in monitoring-derived or source-completed calendar,There is no rice in this rotation. Extending rice-water treatments would require a different cash-crop experiment.
589918,rice_one_dry,inapplicable,No rice crop in monitoring-derived or source-completed calendar,There is no rice in this rotation. Extending rice-water treatments would require a different cash-crop experiment.
589918,rice_two_dry,inapplicable,No rice crop in monitoring-derived or source-completed calendar,There is no rice in this rotation. Extending rice-water treatments would require a different cash-crop experiment.
142350,cover_annual,model_unsupported,Standing woody/perennial forage vegetation plus understory requires two vegetation populations,Concurrent vegetation populations are needed for standing perennial vegetation plus cover. A replacement-vegetation or amendment proxy defines a different comparison.
142350,rice_one_dry,inapplicable,No rice crop in monitoring-derived or source-completed calendar,There is no rice in this rotation. Extending rice-water treatments would require a different cash-crop experiment.
142350,rice_two_dry,inapplicable,No rice crop in monitoring-derived or source-completed calendar,There is no rice in this rotation. Extending rice-water treatments would require a different cash-crop experiment.
321992,rice_one_dry,inapplicable,No rice crop in monitoring-derived or source-completed calendar,There is no rice in this rotation. Extending rice-water treatments would require a different cash-crop experiment.
321992,rice_two_dry,inapplicable,No rice crop in monitoring-derived or source-completed calendar,There is no rice in this rotation. Extending rice-water treatments would require a different cash-crop experiment.
589581,rice_one_dry,inapplicable,No rice crop in monitoring-derived or source-completed calendar,There is no rice in this rotation. Extending rice-water treatments would require a different cash-crop experiment.
589581,rice_two_dry,inapplicable,No rice crop in monitoring-derived or source-completed calendar,There is no rice in this rotation. Extending rice-water treatments would require a different cash-crop experiment.
437146,cover_annual,model_unsupported,Standing woody/perennial forage vegetation plus understory requires two vegetation populations,Concurrent vegetation populations are needed for standing perennial vegetation plus cover. A replacement-vegetation or amendment proxy defines a different comparison.
437146,rice_one_dry,inapplicable,No rice crop in monitoring-derived or source-completed calendar,There is no rice in this rotation. Extending rice-water treatments would require a different cash-crop experiment.
437146,rice_two_dry,inapplicable,No rice crop in monitoring-derived or source-completed calendar,There is no rice in this rotation. Extending rice-water treatments would require a different cash-crop experiment.
14,rice_one_dry,inapplicable,No rice crop in monitoring-derived or source-completed calendar,There is no rice in this rotation. Extending rice-water treatments would require a different cash-crop experiment.
14,rice_two_dry,inapplicable,No rice crop in monitoring-derived or source-completed calendar,There is no rice in this rotation. Extending rice-water treatments would require a different cash-crop experiment.
96038,rice_one_dry,inapplicable,No rice crop in monitoring-derived or source-completed calendar,There is no rice in this rotation. Extending rice-water treatments would require a different cash-crop experiment.
96038,rice_two_dry,inapplicable,No rice crop in monitoring-derived or source-completed calendar,There is no rice in this rotation. Extending rice-water treatments would require a different cash-crop experiment.
30934,cover_annual,model_unsupported,Standing woody/perennial forage vegetation plus understory requires two vegetation populations,Concurrent vegetation populations are needed for standing perennial vegetation plus cover. A replacement-vegetation or amendment proxy defines a different comparison.
30934,rice_one_dry,inapplicable,No rice crop in monitoring-derived or source-completed calendar,There is no rice in this rotation. Extending rice-water treatments would require a different cash-crop experiment.
30934,rice_two_dry,inapplicable,No rice crop in monitoring-derived or source-completed calendar,There is no rice in this rotation. Extending rice-water treatments would require a different cash-crop experiment.
32528,rice_one_dry,inapplicable,No rice crop in monitoring-derived or source-completed calendar,There is no rice in this rotation. Extending rice-water treatments would require a different cash-crop experiment.
32528,rice_two_dry,inapplicable,No rice crop in monitoring-derived or source-completed calendar,There is no rice in this rotation. Extending rice-water treatments would require a different cash-crop experiment.
469135,rice_one_dry,inapplicable,No rice crop in monitoring-derived or source-completed calendar,There is no rice in this rotation. Extending rice-water treatments would require a different cash-crop experiment.
469135,rice_two_dry,inapplicable,No rice crop in monitoring-derived or source-completed calendar,There is no rice in this rotation. Extending rice-water treatments would require a different cash-crop experiment.
357428,cover_annual,model_unsupported,Standing woody/perennial forage vegetation plus understory requires two vegetation populations,Concurrent vegetation populations are needed for standing perennial vegetation plus cover. A replacement-vegetation or amendment proxy defines a different comparison.
357428,rice_one_dry,inapplicable,No rice crop in monitoring-derived or source-completed calendar,There is no rice in this rotation. Extending rice-water treatments would require a different cash-crop experiment.
357428,rice_two_dry,inapplicable,No rice crop in monitoring-derived or source-completed calendar,There is no rice in this rotation. Extending rice-water treatments would require a different cash-crop experiment.
472163,rice_one_dry,inapplicable,No rice crop in monitoring-derived or source-completed calendar,There is no rice in this rotation. Extending rice-water treatments would require a different cash-crop experiment.
472163,rice_two_dry,inapplicable,No rice crop in monitoring-derived or source-completed calendar,There is no rice in this rotation. Extending rice-water treatments would require a different cash-crop experiment.
329357,rice_one_dry,inapplicable,No rice crop in monitoring-derived or source-completed calendar,There is no rice in this rotation. Extending rice-water treatments would require a different cash-crop experiment.
329357,rice_two_dry,inapplicable,No rice crop in monitoring-derived or source-completed calendar,There is no rice in this rotation. Extending rice-water treatments would require a different cash-crop experiment.
152256,cover_annual,model_unsupported,Standing woody/perennial forage vegetation plus understory requires two vegetation populations,Concurrent vegetation populations are needed for standing perennial vegetation plus cover. A replacement-vegetation or amendment proxy defines a different comparison.
152256,rice_one_dry,inapplicable,No rice crop in monitoring-derived or source-completed calendar,There is no rice in this rotation. Extending rice-water treatments would require a different cash-crop experiment.
152256,rice_two_dry,inapplicable,No rice crop in monitoring-derived or source-completed calendar,There is no rice in this rotation. Extending rice-water treatments would require a different cash-crop experiment.
89752,cover_annual,model_unsupported,Standing woody/perennial forage vegetation plus understory requires two vegetation populations,Concurrent vegetation populations are needed for standing perennial vegetation plus cover. A replacement-vegetation or amendment proxy defines a different comparison.
89752,rice_one_dry,inapplicable,No rice crop in monitoring-derived or source-completed calendar,There is no rice in this rotation. Extending rice-water treatments would require a different cash-crop experiment.
89752,rice_two_dry,inapplicable,No rice crop in monitoring-derived or source-completed calendar,There is no rice in this rotation. Extending rice-water treatments would require a different cash-crop experiment.
594379,rice_one_dry,inapplicable,No rice crop in monitoring-derived or source-completed calendar,There is no rice in this rotation. Extending rice-water treatments would require a different cash-crop experiment.
594379,rice_two_dry,inapplicable,No rice crop in monitoring-derived or source-completed calendar,There is no rice in this rotation. Extending rice-water treatments would require a different cash-crop experiment.
429989,rice_one_dry,inapplicable,No rice crop in monitoring-derived or source-completed calendar,There is no rice in this rotation. Extending rice-water treatments would require a different cash-crop experiment.
429989,rice_two_dry,inapplicable,No rice crop in monitoring-derived or source-completed calendar,There is no rice in this rotation. Extending rice-water treatments would require a different cash-crop experiment.
102480,rice_one_dry,inapplicable,No rice crop in monitoring-derived or source-completed calendar,There is no rice in this rotation. Extending rice-water treatments would require a different cash-crop experiment.
102480,rice_two_dry,inapplicable,No rice crop in monitoring-derived or source-completed calendar,There is no rice in this rotation. Extending rice-water treatments would require a different cash-crop experiment.
28809,rice_one_dry,inapplicable,No rice crop in monitoring-derived or source-completed calendar,There is no rice in this rotation. Extending rice-water treatments would require a different cash-crop experiment.
28809,rice_two_dry,inapplicable,No rice crop in monitoring-derived or source-completed calendar,There is no rice in this rotation. Extending rice-water treatments would require a different cash-crop experiment.
405184,cover_annual,model_unsupported,Standing woody/perennial forage vegetation plus understory requires two vegetation populations,Concurrent vegetation populations are needed for standing perennial vegetation plus cover. A replacement-vegetation or amendment proxy defines a different comparison.
405184,rice_one_dry,inapplicable,No rice crop in monitoring-derived or source-completed calendar,There is no rice in this rotation. Extending rice-water treatments would require a different cash-crop experiment.
405184,rice_two_dry,inapplicable,No rice crop in monitoring-derived or source-completed calendar,There is no rice in this rotation. Extending rice-water treatments would require a different cash-crop experiment.
330822,rice_one_dry,inapplicable,No rice crop in monitoring-derived or source-completed calendar,There is no rice in this rotation. Extending rice-water treatments would require a different cash-crop experiment.
330822,rice_two_dry,inapplicable,No rice crop in monitoring-derived or source-completed calendar,There is no rice in this rotation. Extending rice-water treatments would require a different cash-crop experiment.
15499,cover_annual,model_unsupported,Standing woody/perennial forage vegetation plus understory requires two vegetation populations,Concurrent vegetation populations are needed for standing perennial vegetation plus cover. A replacement-vegetation or amendment proxy defines a different comparison.
15499,rice_one_dry,inapplicable,No rice crop in monitoring-derived or source-completed calendar,There is no rice in this rotation. Extending rice-water treatments would require a different cash-crop experiment.
15499,rice_two_dry,inapplicable,No rice crop in monitoring-derived or source-completed calendar,There is no rice in this rotation. Extending rice-water treatments would require a different cash-crop experiment.
284301,rice_one_dry,inapplicable,No rice crop in monitoring-derived or source-completed calendar,There is no rice in this rotation. Extending rice-water treatments would require a different cash-crop experiment.
284301,rice_two_dry,inapplicable,No rice crop in monitoring-derived or source-completed calendar,There is no rice in this rotation. Extending rice-water treatments would require a different cash-crop experiment.
285241,cover_annual,model_unsupported,Standing woody/perennial forage vegetation plus understory requires two vegetation populations,Concurrent vegetation populations are needed for standing perennial vegetation plus cover. A replacement-vegetation or amendment proxy defines a different comparison.
285241,rice_one_dry,inapplicable,No rice crop in monitoring-derived or source-completed calendar,There is no rice in this rotation. Extending rice-water treatments would require a different cash-crop experiment.
285241,rice_two_dry,inapplicable,No rice crop in monitoring-derived or source-completed calendar,There is no rice in this rotation. Extending rice-water treatments would require a different cash-crop experiment.
405606,rice_one_dry,inapplicable,No rice crop in monitoring-derived or source-completed calendar,There is no rice in this rotation. Extending rice-water treatments would require a different cash-crop experiment.
405606,rice_two_dry,inapplicable,No rice crop in monitoring-derived or source-completed calendar,There is no rice in this rotation. Extending rice-water treatments would require a different cash-crop experiment.
327124,cover_annual,model_unsupported,Standing woody/perennial forage vegetation plus understory requires two vegetation populations,Concurrent vegetation populations are needed for standing perennial vegetation plus cover. A replacement-vegetation or amendment proxy defines a different comparison.
327124,rice_one_dry,inapplicable,No rice crop in monitoring-derived or source-completed calendar,There is no rice in this rotation. Extending rice-water treatments would require a different cash-crop experiment.
327124,rice_two_dry,inapplicable,No rice crop in monitoring-derived or source-completed calendar,There is no rice in this rotation. Extending rice-water treatments would require a different cash-crop experiment.
118038,rice_one_dry,inapplicable,No rice crop in monitoring-derived or source-completed calendar,There is no rice in this rotation. Extending rice-water treatments would require a different cash-crop experiment.
118038,rice_two_dry,inapplicable,No rice crop in monitoring-derived or source-completed calendar,There is no rice in this rotation. Extending rice-water treatments would require a different cash-crop experiment.
597240,rice_one_dry,inapplicable,No rice crop in monitoring-derived or source-completed calendar,There is no rice in this rotation. Extending rice-water treatments would require a different cash-crop experiment.
597240,rice_two_dry,inapplicable,No rice crop in monitoring-derived or source-completed calendar,There is no rice in this rotation. Extending rice-water treatments would require a different cash-crop experiment.
299613,cover_annual,model_unsupported,Standing woody/perennial forage vegetation plus understory requires two vegetation populations,Concurrent vegetation populations are needed for standing perennial vegetation plus cover. A replacement-vegetation or amendment proxy defines a different comparison.
299613,rice_one_dry,inapplicable,No rice crop in monitoring-derived or source-completed calendar,There is no rice in this rotation. Extending rice-water treatments would require a different cash-crop experiment.
299613,rice_two_dry,inapplicable,No rice crop in monitoring-derived or source-completed calendar,There is no rice in this rotation. Extending rice-water treatments would require a different cash-crop experiment.
293793,rice_one_dry,inapplicable,No rice crop in monitoring-derived or source-completed calendar,There is no rice in this rotation. Extending rice-water treatments would require a different cash-crop experiment.
293793,rice_two_dry,inapplicable,No rice crop in monitoring-derived or source-completed calendar,There is no rice in this rotation. Extending rice-water treatments would require a different cash-crop experiment.
144461,cover_annual,model_unsupported,Standing woody/perennial forage vegetation plus understory requires two vegetation populations,Concurrent vegetation populations are needed for standing perennial vegetation plus cover. A replacement-vegetation or amendment proxy defines a different comparison.
144461,rice_one_dry,inapplicable,No rice crop in monitoring-derived or source-completed calendar,There is no rice in this rotation. Extending rice-water treatments would require a different cash-crop experiment.
144461,rice_two_dry,inapplicable,No rice crop in monitoring-derived or source-completed calendar,There is no rice in this rotation. Extending rice-water treatments would require a different cash-crop experiment.
153154,rice_one_dry,inapplicable,No rice crop in monitoring-derived or source-completed calendar,There is no rice in this rotation. Extending rice-water treatments would require a different cash-crop experiment.
153154,rice_two_dry,inapplicable,No rice crop in monitoring-derived or source-completed calendar,There is no rice in this rotation. Extending rice-water treatments would require a different cash-crop experiment.
506467,cover_annual,model_unsupported,Standing woody/perennial forage vegetation plus understory requires two vegetation populations,Concurrent vegetation populations are needed for standing perennial vegetation plus cover. A replacement-vegetation or amendment proxy defines a different comparison.
506467,rice_one_dry,inapplicable,No rice crop in monitoring-derived or source-completed calendar,There is no rice in this rotation. Extending rice-water treatments would require a different cash-crop experiment.
506467,rice_two_dry,inapplicable,No rice crop in monitoring-derived or source-completed calendar,There is no rice in this rotation. Extending rice-water treatments would require a different cash-crop experiment.
302976,rice_one_dry,inapplicable,No rice crop in monitoring-derived or source-completed calendar,There is no rice in this rotation. Extending rice-water treatments would require a different cash-crop experiment.
302976,rice_two_dry,inapplicable,No rice crop in monitoring-derived or source-completed calendar,There is no rice in this rotation. Extending rice-water treatments would require a different cash-crop experiment.
453786,cover_annual,model_unsupported,Standing woody/perennial forage vegetation plus understory requires two vegetation populations,Concurrent vegetation populations are needed for standing perennial vegetation plus cover. A replacement-vegetation or amendment proxy defines a different comparison.
453786,rice_one_dry,inapplicable,No rice crop in monitoring-derived or source-completed calendar,There is no rice in this rotation. Extending rice-water treatments would require a different cash-crop experiment.
453786,rice_two_dry,inapplicable,No rice crop in monitoring-derived or source-completed calendar,There is no rice in this rotation. Extending rice-water treatments would require a different cash-crop experiment.
336904,rice_one_dry,inapplicable,No rice crop in monitoring-derived or source-completed calendar,There is no rice in this rotation. Extending rice-water treatments would require a different cash-crop experiment.
336904,rice_two_dry,inapplicable,No rice crop in monitoring-derived or source-completed calendar,There is no rice in this rotation. Extending rice-water treatments would require a different cash-crop experiment.
535040,rice_one_dry,inapplicable,No rice crop in monitoring-derived or source-completed calendar,There is no rice in this rotation. Extending rice-water treatments would require a different cash-crop experiment.
535040,rice_two_dry,inapplicable,No rice crop in monitoring-derived or source-completed calendar,There is no rice in this rotation. Extending rice-water treatments would require a different cash-crop experiment.
212287,rice_one_dry,inapplicable,No rice crop in monitoring-derived or source-completed calendar,There is no rice in this rotation. Extending rice-water treatments would require a different cash-crop experiment.
212287,rice_two_dry,inapplicable,No rice crop in monitoring-derived or source-completed calendar,There is no rice in this rotation. Extending rice-water treatments would require a different cash-crop experiment.
549173,cover_annual,model_unsupported,Standing woody/perennial forage vegetation plus understory requires two vegetation populations,Concurrent vegetation populations are needed for standing perennial vegetation plus cover. A replacement-vegetation or amendment proxy defines a different comparison.
549173,rice_one_dry,inapplicable,No rice crop in monitoring-derived or source-completed calendar,There is no rice in this rotation. Extending rice-water treatments would require a different cash-crop experiment.
549173,rice_two_dry,inapplicable,No rice crop in monitoring-derived or source-completed calendar,There is no rice in this rotation. Extending rice-water treatments would require a different cash-crop experiment.
107465,cover_annual,model_unsupported,Standing woody/perennial forage vegetation plus understory requires two vegetation populations,Concurrent vegetation populations are needed for standing perennial vegetation plus cover. A replacement-vegetation or amendment proxy defines a different comparison.
107465,rice_one_dry,inapplicable,No rice crop in monitoring-derived or source-completed calendar,There is no rice in this rotation. Extending rice-water treatments would require a different cash-crop experiment.
107465,rice_two_dry,inapplicable,No rice crop in monitoring-derived or source-completed calendar,There is no rice in this rotation. Extending rice-water treatments would require a different cash-crop experiment.
555182,cover_annual,model_unsupported,Standing woody/perennial forage vegetation plus understory requires two vegetation populations,Concurrent vegetation populations are needed for standing perennial vegetation plus cover. A replacement-vegetation or amendment proxy defines a different comparison.
555182,rice_one_dry,inapplicable,No rice crop in monitoring-derived or source-completed calendar,There is no rice in this rotation. Extending rice-water treatments would require a different cash-crop experiment.
555182,rice_two_dry,inapplicable,No rice crop in monitoring-derived or source-completed calendar,There is no rice in this rotation. Extending rice-water treatments would require a different cash-crop experiment.
372700,rice_one_dry,inapplicable,No rice crop in monitoring-derived or source-completed calendar,There is no rice in this rotation. Extending rice-water treatments would require a different cash-crop experiment.
372700,rice_two_dry,inapplicable,No rice crop in monitoring-derived or source-completed calendar,There is no rice in this rotation. Extending rice-water treatments would require a different cash-crop experiment.
313780,cover_annual,model_unsupported,Standing woody/perennial forage vegetation plus understory requires two vegetation populations,Concurrent vegetation populations are needed for standing perennial vegetation plus cover. A replacement-vegetation or amendment proxy defines a different comparison.
313780,rice_one_dry,inapplicable,No rice crop in monitoring-derived or source-completed calendar,There is no rice in this rotation. Extending rice-water treatments would require a different cash-crop experiment.
313780,rice_two_dry,inapplicable,No rice crop in monitoring-derived or source-completed calendar,There is no rice in this rotation. Extending rice-water treatments would require a different cash-crop experiment.
309355,rice_one_dry,inapplicable,No rice crop in monitoring-derived or source-completed calendar,There is no rice in this rotation. Extending rice-water treatments would require a different cash-crop experiment.
309355,rice_two_dry,inapplicable,No rice crop in monitoring-derived or source-completed calendar,There is no rice in this rotation. Extending rice-water treatments would require a different cash-crop experiment.
403505,rice_one_dry,inapplicable,No rice crop in monitoring-derived or source-completed calendar,There is no rice in this rotation. Extending rice-water treatments would require a different cash-crop experiment.
403505,rice_two_dry,inapplicable,No rice crop in monitoring-derived or source-completed calendar,There is no rice in this rotation. Extending rice-water treatments would require a different cash-crop experiment.
236386,cover_annual,model_unsupported,Standing woody/perennial forage vegetation plus understory requires two vegetation populations,Concurrent vegetation populations are needed for standing perennial vegetation plus cover. A replacement-vegetation or amendment proxy defines a different comparison.
236386,rice_one_dry,inapplicable,No rice crop in monitoring-derived or source-completed calendar,There is no rice in this rotation. Extending rice-water treatments would require a different cash-crop experiment.
236386,rice_two_dry,inapplicable,No rice crop in monitoring-derived or source-completed calendar,There is no rice in this rotation. Extending rice-water treatments would require a different cash-crop experiment.
14956,rice_one_dry,inapplicable,No rice crop in monitoring-derived or source-completed calendar,There is no rice in this rotation. Extending rice-water treatments would require a different cash-crop experiment.
14956,rice_two_dry,inapplicable,No rice crop in monitoring-derived or source-completed calendar,There is no rice in this rotation. Extending rice-water treatments would require a different cash-crop experiment.
219229,rice_one_dry,inapplicable,No rice crop in monitoring-derived or source-completed calendar,There is no rice in this rotation. Extending rice-water treatments would require a different cash-crop experiment.
219229,rice_two_dry,inapplicable,No rice crop in monitoring-derived or source-completed calendar,There is no rice in this rotation. Extending rice-water treatments would require a different cash-crop experiment.
375119,rice_one_dry,inapplicable,No rice crop in monitoring-derived or source-completed calendar,There is no rice in this rotation. Extending rice-water treatments would require a different cash-crop experiment.
375119,rice_two_dry,inapplicable,No rice crop in monitoring-derived or source-completed calendar,There is no rice in this rotation. Extending rice-water treatments would require a different cash-crop experiment.
542872,rice_one_dry,inapplicable,No rice crop in monitoring-derived or source-completed calendar,There is no rice in this rotation. Extending rice-water treatments would require a different cash-crop experiment.
542872,rice_two_dry,inapplicable,No rice crop in monitoring-derived or source-completed calendar,There is no rice in this rotation. Extending rice-water treatments would require a different cash-crop experiment.
250488,cover_annual,model_unsupported,Standing woody/perennial forage vegetation plus understory requires two vegetation populations,Concurrent vegetation populations are needed for standing perennial vegetation plus cover. A replacement-vegetation or amendment proxy defines a different comparison.
250488,rice_one_dry,inapplicable,No rice crop in monitoring-derived or source-completed calendar,There is no rice in this rotation. Extending rice-water treatments would require a different cash-crop experiment.
250488,rice_two_dry,inapplicable,No rice crop in monitoring-derived or source-completed calendar,There is no rice in this rotation. Extending rice-water treatments would require a different cash-crop experiment.
601779,cover_annual,model_unsupported,Standing woody/perennial forage vegetation plus understory requires two vegetation populations,Concurrent vegetation populations are needed for standing perennial vegetation plus cover. A replacement-vegetation or amendment proxy defines a different comparison.
601779,rice_one_dry,inapplicable,No rice crop in monitoring-derived or source-completed calendar,There is no rice in this rotation. Extending rice-water treatments would require a different cash-crop experiment.
601779,rice_two_dry,inapplicable,No rice crop in monitoring-derived or source-completed calendar,There is no rice in this rotation. Extending rice-water treatments would require a different cash-crop experiment.
237955,rice_one_dry,inapplicable,No rice crop in monitoring-derived or source-completed calendar,There is no rice in this rotation. Extending rice-water treatments would require a different cash-crop experiment.
237955,rice_two_dry,inapplicable,No rice crop in monitoring-derived or source-completed calendar,There is no rice in this rotation. Extending rice-water treatments would require a different cash-crop experiment.
424527,rice_one_dry,inapplicable,No rice crop in monitoring-derived or source-completed calendar,There is no rice in this rotation. Extending rice-water treatments would require a different cash-crop experiment.
424527,rice_two_dry,inapplicable,No rice crop in monitoring-derived or source-completed calendar,There is no rice in this rotation. Extending rice-water treatments would require a different cash-crop experiment.
354196,rice_one_dry,inapplicable,No rice crop in monitoring-derived or source-completed calendar,There is no rice in this rotation. Extending rice-water treatments would require a different cash-crop experiment.
354196,rice_two_dry,inapplicable,No rice crop in monitoring-derived or source-completed calendar,There is no rice in this rotation. Extending rice-water treatments would require a different cash-crop experiment.
327540,rice_one_dry,inapplicable,No rice crop in monitoring-derived or source-completed calendar,There is no rice in this rotation. Extending rice-water treatments would require a different cash-crop experiment.
327540,rice_two_dry,inapplicable,No rice crop in monitoring-derived or source-completed calendar,There is no rice in this rotation. Extending rice-water treatments would require a different cash-crop experiment.
54800,rice_one_dry,inapplicable,No rice crop in monitoring-derived or source-completed calendar,There is no rice in this rotation. Extending rice-water treatments would require a different cash-crop experiment.
54800,rice_two_dry,inapplicable,No rice crop in monitoring-derived or source-completed calendar,There is no rice in this rotation. Extending rice-water treatments would require a different cash-crop experiment.
24366,rice_one_dry,inapplicable,No rice crop in monitoring-derived or source-completed calendar,There is no rice in this rotation. Extending rice-water treatments would require a different cash-crop experiment.
24366,rice_two_dry,inapplicable,No rice crop in monitoring-derived or source-completed calendar,There is no rice in this rotation. Extending rice-water treatments would require a different cash-crop experiment.
276098,rice_one_dry,inapplicable,No rice crop in monitoring-derived or source-completed calendar,There is no rice in this rotation. Extending rice-water treatments would require a different cash-crop experiment.
276098,rice_two_dry,inapplicable,No rice crop in monitoring-derived or source-completed calendar,There is no rice in this rotation. Extending rice-water treatments would require a different cash-crop experiment.
420047,rice_one_dry,inapplicable,No rice crop in monitoring-derived or source-completed calendar,There is no rice in this rotation. Extending rice-water treatments would require a different cash-crop experiment.
420047,rice_two_dry,inapplicable,No rice crop in monitoring-derived or source-completed calendar,There is no rice in this rotation. Extending rice-water treatments would require a different cash-crop experiment.
257423,cover_annual,model_unsupported,Standing woody/perennial forage vegetation plus understory requires two vegetation populations,Concurrent vegetation populations are needed for standing perennial vegetation plus cover. A replacement-vegetation or amendment proxy defines a different comparison.
257423,rice_one_dry,inapplicable,No rice crop in monitoring-derived or source-completed calendar,There is no rice in this rotation. Extending rice-water treatments would require a different cash-crop experiment.
257423,rice_two_dry,inapplicable,No rice crop in monitoring-derived or source-completed calendar,There is no rice in this rotation. Extending rice-water treatments would require a different cash-crop experiment.
338040,rice_one_dry,inapplicable,No rice crop in monitoring-derived or source-completed calendar,There is no rice in this rotation. Extending rice-water treatments would require a different cash-crop experiment.
338040,rice_two_dry,inapplicable,No rice crop in monitoring-derived or source-completed calendar,There is no rice in this rotation. Extending rice-water treatments would require a different cash-crop experiment.
378874,rice_one_dry,inapplicable,No rice crop in monitoring-derived or source-completed calendar,There is no rice in this rotation. Extending rice-water treatments would require a different cash-crop experiment.
378874,rice_two_dry,inapplicable,No rice crop in monitoring-derived or source-completed calendar,There is no rice in this rotation. Extending rice-water treatments would require a different cash-crop experiment.
41669,cover_annual,model_unsupported,Standing woody/perennial forage vegetation plus understory requires two vegetation populations,Concurrent vegetation populations are needed for standing perennial vegetation plus cover. A replacement-vegetation or amendment proxy defines a different comparison.
41669,rice_one_dry,inapplicable,No rice crop in monitoring-derived or source-completed calendar,There is no rice in this rotation. Extending rice-water treatments would require a different cash-crop experiment.
41669,rice_two_dry,inapplicable,No rice crop in monitoring-derived or source-completed calendar,There is no rice in this rotation. Extending rice-water treatments would require a different cash-crop experiment.
436143,rice_one_dry,inapplicable,No rice crop in monitoring-derived or source-completed calendar,There is no rice in this rotation. Extending rice-water treatments would require a different cash-crop experiment.
436143,rice_two_dry,inapplicable,No rice crop in monitoring-derived or source-completed calendar,There is no rice in this rotation. Extending rice-water treatments would require a different cash-crop experiment.
371139,cover_annual,model_unsupported,Standing woody/perennial forage vegetation plus understory requires two vegetation populations,Concurrent vegetation populations are needed for standing perennial vegetation plus cover. A replacement-vegetation or amendment proxy defines a different comparison.
371139,rice_one_dry,inapplicable,No rice crop in monitoring-derived or source-completed calendar,There is no rice in this rotation. Extending rice-water treatments would require a different cash-crop experiment.
371139,rice_two_dry,inapplicable,No rice crop in monitoring-derived or source-completed calendar,There is no rice in this rotation. Extending rice-water treatments would require a different cash-crop experiment.
24007,cover_annual,model_unsupported,Standing woody/perennial forage vegetation plus understory requires two vegetation populations,Concurrent vegetation populations are needed for standing perennial vegetation plus cover. A replacement-vegetation or amendment proxy defines a different comparison.
24007,rice_one_dry,inapplicable,No rice crop in monitoring-derived or source-completed calendar,There is no rice in this rotation. Extending rice-water treatments would require a different cash-crop experiment.
24007,rice_two_dry,inapplicable,No rice crop in monitoring-derived or source-completed calendar,There is no rice in this rotation. Extending rice-water treatments would require a different cash-crop experiment.
462857,rice_one_dry,inapplicable,No rice crop in monitoring-derived or source-completed calendar,There is no rice in this rotation. Extending rice-water treatments would require a different cash-crop experiment.
462857,rice_two_dry,inapplicable,No rice crop in monitoring-derived or source-completed calendar,There is no rice in this rotation. Extending rice-water treatments would require a different cash-crop experiment.
