"site_id","veg_pft","soil_pft"
"328163","annual_crop_alfalfa","soil_nfixer"
"26336","temperate.deciduous_almond","soil"
"565118","annual_crop_corn","soil"
"159849","temperate.deciduous_almond","soil"
"522375","annual_crop_alfalfa","soil_nfixer"
"534243","temperate.deciduous_almond","soil"
"205678","annual_crop_corn","soil_rice"
"169473","temperate.deciduous_almond","soil"
"592578","annual_crop_corn","soil"
"557284","annual_crop_row","soil"
"413887","annual_crop_rice","soil_rice"
"590334","temperate.deciduous_almond","soil"
"440393","temperate.deciduous_almond","soil_rice"
"16073","temperate.deciduous_almond","soil"
"420343","temperate.deciduous_almond","soil"
"415399","temperate.deciduous_almond","soil"
"132390","temperate.deciduous_almond","soil_rice"
"514070","temperate.deciduous_almond","soil"
"52519","temperate.deciduous_almond","soil"
"90","temperate.deciduous_almond","soil"
"248496","temperate.deciduous_almond","soil"
"332581","temperate.deciduous_almond","soil"
"296871","temperate.deciduous_almond","soil"
"488132","temperate.deciduous_almond","soil"
"589918","temperate.deciduous_almond","soil"
"142350","temperate.deciduous_almond","soil"
"535358","annual_crop_rice","soil_rice"
"321992","temperate.deciduous_almond","soil"
"589581","temperate.deciduous_almond","soil"
"590073","temperate.deciduous_almond","soil_rice"
"437146","temperate.deciduous_almond","soil"
"14","annual_crop_row","soil"
"96038","temperate.deciduous_almond","soil"
"155097","grass","soil_rice"
"30934","temperate.deciduous_almond","soil"
"32528","temperate.deciduous_almond","soil"
"469135","temperate.deciduous_almond","soil"
"357428","temperate.deciduous_almond","soil"
"472163","annual_crop_row","soil"
"329357","annual_crop_row","soil"
"152256","temperate.deciduous_almond","soil"
"89752","temperate.deciduous_almond","soil"
"362135","temperate.deciduous_almond","soil_rice"
"594379","grass","soil"
"429989","temperate.deciduous_almond","soil"
"102480","temperate.deciduous_almond","soil"
"28809","temperate.deciduous_almond","soil"
"405184","temperate.deciduous_almond","soil"
"330822","temperate.deciduous_almond","soil"
"15499","temperate.deciduous_almond","soil"
"284301","annual_crop_row","soil"
"285241","annual_crop_row","soil"
"244878","grass","soil_rice"
"405606","grass","soil"
"327124","grass","soil"
"118038","temperate.deciduous_almond","soil"
"597240","temperate.deciduous_almond","soil"
"299613","grass","soil"
"293793","temperate.deciduous_almond","soil"
"144461","temperate.deciduous_almond","soil"
"153154","temperate.deciduous_almond","soil"
"506467","temperate.deciduous_almond","soil"
"302976","temperate.deciduous_almond","soil"
"453786","temperate.deciduous_almond","soil"
"336904","temperate.deciduous_almond","soil"
"535040","temperate.deciduous_almond","soil"
"212287","annual_crop_row","soil"
"549173","grass","soil"
"107465","annual_crop_row","soil"
"555182","annual_crop_row","soil"
"372700","grass","soil"
"313780","temperate.deciduous_almond","soil"
"309355","temperate.deciduous_almond","soil"
"403505","temperate.deciduous_almond","soil"
"236386","temperate.deciduous_almond","soil"
"14956","temperate.deciduous_almond","soil"
"219229","temperate.deciduous_almond","soil"
"375119","temperate.deciduous_almond","soil"
"542872","temperate.deciduous_almond","soil"
"250488","temperate.deciduous_almond","soil"
"417431","grass","soil_rice"
"601779","temperate.deciduous_almond","soil"
"237955","temperate.deciduous_almond","soil"
"424527","temperate.deciduous_almond","soil"
"354196","temperate.deciduous_almond","soil"
"327540","annual_crop_row","soil"
"54800","annual_crop_row","soil"
"24366","temperate.deciduous_almond","soil"
"276098","temperate.deciduous_almond","soil"
"420047","annual_crop_row","soil"
"257423","annual_crop_row","soil"
"338040","temperate.deciduous_almond","soil"
"378874","annual_crop_row","soil"
"520659","temperate.deciduous_almond","soil_rice"
"41669","temperate.deciduous_almond","soil"
"436143","temperate.deciduous_almond","soil"
"371139","temperate.deciduous_almond","soil"
"510456","temperate.deciduous_almond","soil_rice"
"24007","temperate.deciduous_almond","soil"
"462857","annual_crop_alfalfa","soil_nfixer"
