practice,outcome,subclass,evidence_rows,sources,evidence_availability,priority,scale/units,center_type,center,spread_type,spread,source_id,what does spread apply to?,use,note,observation_operator
+Cover Crops,Soil C,,4,Poeplau & Don; Vicente-Vicente et al.,present,1,Mg C ha-1 yr-1,mean rate,0.32,sd,0.74,Poeplau_Don_2015_rate,"population, among plots",likelihood,"spread is the SD of the 139 plot level rates in the supplement, so population not precision. The paper's reported +/- 0.08 is a 95% CI half width on the mean, not an SD.","d(SOC stock 0-30cm)/dt, cover cropped minus control, in Mg C ha-1 yr-1"
+Cover Crops,N2O,,3,Basche et al.; Li et al.,present,2,,,,,,,,none,"no usable contrast. Basche reports the share of observations positive, a vote count, and Li 2023 reports the effect as variable.",
+Cover Crops,CH4,,0,,none_curated,99,,,,,,,,none,"no evidence in the library at all, the one still empty cell.",
+Non-crop C,Soil C,,2,Bai et al.; Vicente-Vicente et al.,present,1,LRR (dimensionless),mean LRR,0.23823,se,0.002814,Bai_2023_OA_SOC,the mean effect,likelihood,"Replaced Vicente-Vicente 2016 with Bai et al. 2023, a global synthesis of 1972 comparisons from 424 papers that reports a confidence interval, so this cell is fittable rather than a sign check. Organic amendment raised SOC by 26.9 percent, 95% CI 26.2 to 27.6, which is LRR 0.2382 with SE 0.0028. CAUTION the SE is precision on the mean across 1972 comparisons and says nothing about among site variability, so it should not be read as the spread a single field would show. Bai also gives the effect as a stock change of 5.1 +/- 0.4 Mg C ha-1; the superseded Vicente-Vicente value of 5.3 was a RATE in Mg C ha-1 yr-1, a different quantity that happens to be a near identical number. California relevant subgroups from Bai: arid 32.4 percent, warm MAAT 10-20 C 40.2 percent, compost 28.7 percent; Bai reports no combined arid and warm subgroup, so the global mean is used here.","ln(SOC amended / SOC unamended), same depth and time point"
+Non-crop C,N2O,,1,Ma et al.,present,2,,,,,,,,none,"only Ma 2021, a single two season cotton experiment reported as a ranking.",
+Non-crop C,CH4,,1,Ma et al.,present,99,,,,,,,,none,"only Ma 2021, reported qualitatively.",
Reduced tillage,Soil C,,2,"Sun et al.; Robertson, Paul & Harwood",present,1,Mg C ha-1 yr-1,mean rate,0.2162,sd,0.4478,Sun_2020_notill_SOC_CAanalog,"population, among sites",likelihood,"Replaced Robertson 2000 per issue #11. Derived from Sun et al. 2020 Table S1 by the script given in issue #11, run unmodified. Filter: MAT 10-20 C and MAP/MAT < 40, giving a Mediterranean to semi-arid envelope of MAT 12.5-20 C and MAP 355-690 mm, which brackets Central Valley conditions. 62 no-till versus conventional-till comparisons at 23 named sites, each site weighted equally after averaging its own comparisons. Mean 0.2162 Mg C ha-1 yr-1, SD 0.4478 among sites, SE on the mean 0.0934, mean LRR 0.0555 which is +5.7 percent. Robertson 2000 (0.3, single KBS Michigan experiment, no dispersion) is retained as contributing evidence but is no longer the selected value. CAVEAT: the subset contains no California site and is dominated by Spain, 35 of 62 comparisons. Two of the 23 sites are the same Urbana Illinois experiment under different labels; merging them moves the mean to 0.2175, and dropping Urbana moves it to 0.2521, so the estimate is not sensitive to this.","(SOC stock 0-30cm, no till minus conventional till) / years, in Mg C ha-1 yr-1"
Reduced tillage,N2O,,5,Li et al.; Snyder et al.; van Kessel et al.,present,2,LRR (dimensionless),mean LRR,0.322,se,0.124,VanKessel_2013_dry_short,the mean effect,likelihood,"Area-scaled N2O digitised from Fig 2a, dry climates under 10 years since conversion. Match runs to roughly 5 years after conversion. The long-duration estimate is an alternative, not an independent replicate.","ln(N2O reduced or no till / N2O conventional till), area scaled, evaluated about 5 years after conversion to match the under 10 year class; the 10 year or more class is the separate -0.419 row, evaluated about 15 years"
Reduced tillage,CH4,,1,Six et al.,present,99,kg CH4 ha-1 yr-1,mean,-0.6,"se, reported",0.1,Six_2004_CH4,the mean effect,none,"CH4 uptake enhancement under no till, negative means uptake. VERIFIED against Six 2004 Table 1: estimate 0.6, SE 0.1, identical in humid and dry and constant at years 5, 10 and 20 since it is modelled as a constant annual rate. Caption states SE = standard error. Corresponding GWP is 13 kg CO2-eq ha-1 yr-1 with SE 3.1. Based on only five CH4 data points across the meta-analysis. SCOPED OUT 2026-09-16 per David: CH4 is only in scope for rice systems. Tillage does not enter the SIPNET CH4 formulation, so the model returns no difference for this cell and it cannot be fitted or sign checked. The Six 2004 estimate is retained because it is verified, but it is not a target.",
+/- N Fertilization,Soil C,,1,Snyder et al.,present,2,,,,,,,,none,"Snyder was the only candidate and it reports SOC derived from corn, not total SOC, with total SOC declining. Marked not viable.",
+/- N Fertilization,CH4,,1,Snyder et al.,present,99,,,,,,,,none,"single row, Snyder, no contrast.",
Flooding / rice,Soil C,,1,Kirk et al.,present,3,,,,,,,,none,"only Kirk, and the drained comparator value was never extracted so no contrast can be formed.",
Flooding / rice,N2O,,3,Cayuela et al.; IPCC; Jiang et al.; Li et al.,present,2,LRR (dimensionless),mean LRR,0.718,assumed log-scale sensitivity spread,0.707,Jiang_2019_N2O_tradeoff,assumed scale for sensitivity analysis; not a measured SE,sign_check,"Non-continuous versus continuous flooding in rice raises N2O by 105%. No reported contrast uncertainty is curated. The log-scale spread 0.707 is an assumed sensitivity scale from ln(4)/1.96, not an empirical SE or confidence interval. use=sign_check; exclude from a likelihood unless that assumption is explicitly adopted.","ln(N2O non-continuous flooding / N2O continuous flooding), season total"
Annual -> Perennial,Soil C,,2,Siddique et al.,present,5,LRR (dimensionless),mean LRR,0.154,assumed log-scale sensitivity spread,0.707,Siddique_2023_vs_monoculture,assumed scale for sensitivity analysis; not a measured SE,sign_check,"SOC stock at 0-30 cm is 16.6% higher than annual monoculture in the aggregate; reported direction reverses below 5 years and is positive beyond 10 years. Match stand age. Spread 0.707 is an assumed log-scale sensitivity scale from ln(4)/1.96, not an empirical SE or confidence interval. use=sign_check.","ln(SOC perennial / SOC annual monoculture), 0-30cm"
Annual -> Perennial,N2O,,1,Anthony et al.,present,6,,,,,,,,none,"only Anthony, an absolute alfalfa flux against its own carbon sink, not a management contrast.",
Annual -> Perennial,CH4,,1,"Robertson, Paul & Harwoo",present,7,,,,,,,,none,"only Robertson, reported qualitatively as uptake under late successional cover.",
+/- N Fertilization,N2O,all crops (aggregate),9,Shcherbak et al.; Cayuela et al.; IPCC; others,present,1,percentage points of EF per kg N ha-1,mean dEF/dN,0.0027,se,0.00085,Shcherbak_2014_dEFdN,the mean slope,likelihood,"All-crop mean with four outliers retained: n=233, SEM=0.00085 (Table S3). The outlier-excluded variant is 0.0024, SEM 0.00053, n=229. Use a crop-matched group instead of this aggregate for a single-crop panel. Dataset S1 lacks enough crop labels to reproduce subgroup statistics.","d(EF)/d(N rate), EF being fertilizer induced N2O as a PERCENTAGE of mineral N applied, (N2O_N - N2O_0)/N_mineral x 100, N rate in kg N ha-1. Slope of that percentage against N rate."
+/- N Fertilization,N2O,upland grains,1,Shcherbak et al.,present,1,percentage points of EF per kg N ha-1,mean dEF/dN,0.0017,se,0.00056,Shcherbak_2014_dEFdN_upland_grains,the mean dEF across 121 site-years in this group,likelihood,"Published Table S3 crop-group mean and SEM. Prefer non-N-fixing versus N-fixing groups for a mixed panel. Nonsignificant differences among finer groups do not establish equivalence. Aggregate and subgroup estimates overlap: select one applicable group, not multiple independent constraints. Dataset S1 lacks enough crop labels to reconstruct these statistics.","d(EF)/d(N rate), EF being fertilizer induced N2O as a PERCENTAGE of mineral N applied, (N2O_N - N2O_0)/N_mineral x 100, N rate in kg N ha-1. Slope of that percentage against N rate."
+/- N Fertilization,N2O,rice,1,Shcherbak et al.,present,1,percentage points of EF per kg N ha-1,mean dEF/dN,0.0009,se,0.00028,Shcherbak_2014_dEFdN_rice,the mean dEF across 16 site-years in this group,likelihood,"Published Table S3 crop-group mean and SEM. Prefer non-N-fixing versus N-fixing groups for a mixed panel. Nonsignificant differences among finer groups do not establish equivalence. Aggregate and subgroup estimates overlap: select one applicable group, not multiple independent constraints. Dataset S1 lacks enough crop labels to reconstruct these statistics.","d(EF)/d(N rate), EF being fertilizer induced N2O as a PERCENTAGE of mineral N applied, (N2O_N - N2O_0)/N_mineral x 100, N rate in kg N ha-1. Slope of that percentage against N rate."
+/- N Fertilization,N2O,perennial grass or forage,1,Shcherbak et al.,present,1,percentage points of EF per kg N ha-1,mean dEF/dN,0.0033,se,0.00126,Shcherbak_2014_dEFdN_perennial_grass_or_forage,the mean dEF across 41 site-years in this group,likelihood,"Published Table S3 crop-group mean and SEM. Prefer non-N-fixing versus N-fixing groups for a mixed panel. Nonsignificant differences among finer groups do not establish equivalence. Aggregate and subgroup estimates overlap: select one applicable group, not multiple independent constraints. Dataset S1 lacks enough crop labels to reconstruct these statistics.","d(EF)/d(N rate), EF being fertilizer induced N2O as a PERCENTAGE of mineral N applied, (N2O_N - N2O_0)/N_mineral x 100, N rate in kg N ha-1. Slope of that percentage against N rate."
+/- N Fertilization,N2O,N fixing crops,1,Shcherbak et al.,present,1,percentage points of EF per kg N ha-1,mean dEF/dN,0.0181,se,0.00497,Shcherbak_2014_dEFdN_N_fixing_crops,the mean dEF across 7 site-years in this group,likelihood,"Published Table S3 crop-group mean and SEM. Prefer non-N-fixing versus N-fixing groups for a mixed panel. Nonsignificant differences among finer groups do not establish equivalence. Aggregate and subgroup estimates overlap: select one applicable group, not multiple independent constraints. Dataset S1 lacks enough crop labels to reconstruct these statistics.","d(EF)/d(N rate), EF being fertilizer induced N2O as a PERCENTAGE of mineral N applied, (N2O_N - N2O_0)/N_mineral x 100, N rate in kg N ha-1. Slope of that percentage against N rate."
Flooding / rice,CH4,1 drying event,4,Conrad; Jiang et al.,present,1,LRR (dimensionless),mean LRR,-0.39899,se,0.13974,Jiang_2019_CH4_dry1,the mean effect,likelihood,"Jiang Table 2, matched drying-event class with reported 95% CI. The combined >=2 class overlaps the individual classes: choose the matching class or the aggregate, never count both as independent evidence.","ln(CH4 non-continuous flooding / CH4 continuous flooding), season total, matched to the number of within season drying events in the run."
Flooding / rice,CH4,2 drying events,4,Conrad; Jiang et al.,present,1,LRR (dimensionless),mean LRR,-0.62549,se,0.17007,Jiang_2019_CH4_dry2,the mean effect,likelihood,"Jiang Table 2, matched drying-event class with reported 95% CI. The combined >=2 class overlaps the individual classes: choose the matching class or the aggregate, never count both as independent evidence.","ln(CH4 non-continuous flooding / CH4 continuous flooding), season total, matched to the number of within season drying events in the run."
Flooding / rice,CH4,3 drying events,4,Conrad; Jiang et al.,present,1,LRR (dimensionless),mean LRR,-1.33181,se,0.18160,Jiang_2019_CH4_dry3,the mean effect,likelihood,"Jiang Table 2, matched drying-event class with reported 95% CI. The combined >=2 class overlaps the individual classes: choose the matching class or the aggregate, never count both as independent evidence.","ln(CH4 non-continuous flooding / CH4 continuous flooding), season total, matched to the number of within season drying events in the run."
Flooding / rice,CH4,more than 3 drying events,4,Conrad; Jiang et al.,present,1,LRR (dimensionless),mean LRR,-1.39433,se,0.16955,Jiang_2019_CH4_dry_gt3,the mean effect,likelihood,"Jiang Table 2, matched drying-event class with reported 95% CI. The combined >=2 class overlaps the individual classes: choose the matching class or the aggregate, never count both as independent evidence.","ln(CH4 non-continuous flooding / CH4 continuous flooding), season total, matched to the number of within season drying events in the run."
Flooding / rice,CH4,2 or more drying events,4,Conrad; Jiang et al.,present,1,LRR (dimensionless),mean LRR,-1.00512,se,0.11737,Jiang_2019_CH4_dry_ge2,the mean effect,likelihood,"Jiang Table 2, matched drying-event class with reported 95% CI. The combined >=2 class overlaps the individual classes: choose the matching class or the aggregate, never count both as independent evidence.","ln(CH4 non-continuous flooding / CH4 continuous flooding), season total, matched to the number of within season drying events in the run."
+/- N Fertilization,N2O,non N fixing crops,1,Shcherbak et al.,present,1,percentage points of EF per kg N ha-1,mean dEF/dN,0.0018,se,0.00048,Shcherbak_2014_dEFdN_non_N_fixing_crops,the mean dEF across 221 site-years in this group,likelihood,"Published Table S3 crop-group mean and SEM. Prefer non-N-fixing versus N-fixing groups for a mixed panel. Nonsignificant differences among finer groups do not establish equivalence. Aggregate and subgroup estimates overlap: select one applicable group, not multiple independent constraints. Dataset S1 lacks enough crop labels to reconstruct these statistics.","d(EF)/d(N rate), EF being fertilizer induced N2O as a PERCENTAGE of mineral N applied, (N2O_N - N2O_0)/N_mineral x 100, N rate in kg N ha-1. Slope of that percentage against N rate."
+/- N Fertilization,N2O,"EF level, Mediterranean",1,Cayuela et al.,present,1,percent of N applied,mean EF,0.5,se,0.06122,Cayuela_2017_EFmed_target,the mean EFMed across N=200 observations,likelihood,"EF level target, added 2026-09-18 per David: the level and the slope test different things, whether the modelled EF magnitude is reasonable for Mediterranean agriculture, and whether EF rises with N rate at the right rate. Cayuela et al. 2017 give EFMed 0.50 percent with a 95% CI half width of 0.12 over N=200 observations, so SE is 0.0612 percentage points. Mediterranean climate makes this the closest measured analogue to California. Read alongside the Shcherbak subclasses, not instead of them: this constrains the level, they constrain the slope.","fertilizer induced N2O-N as a PERCENTAGE of mineral N applied, (N2O_N - N2O_0)/N_mineral x 100, aggregated N weighted over the panel. This is the EF LEVEL, a different quantity from the Shcherbak rows which are the slope of that percentage against N rate."
