"member_id","turn_over_time","som_respiration_rate","fracLitterRespired"
1,0.8489308474054,0.0693857105602327,0.986316785348488
2,0.967228774390307,0.0736687389971246,0.955131379709359
3,1.05650714371489,0.0730293310547947,0.855267277627593
4,1.12311909484736,0.0334598103913099,0.986101130459
5,0.79048215470629,0.0775309320002908,0.98254445232472
6,1.05777126517117,0.0694336348601154,0.938788598195339
7,0.966216451909037,0.0622416468259896,0.985943035096561
8,0.68598477714453,0.0707170976733362,0.978035143267327
9,1.06341240992153,0.046569238218115,0.987621312601231
10,0.784153621502739,0.0827159941014026,0.977566964071408
11,0.753991138666336,0.0946310801167498,0.855657720925544
12,0.47387687588989,0.135681214693741,0.873087196407707
13,0.866995630447655,0.0543337536272224,0.96426624898737
14,0.607666340469821,0.0648014917382678,0.976335100253368
15,1.04304795720913,0.133596943404689,0.51159371851695
16,1.12434535286347,0.0607619177452223,0.873241945488098
17,1.01921311135395,0.0738165924986479,0.886317218808291
18,0.481083069599528,0.0743877343015731,0.997885408291033
19,1.01260780709984,0.087112789204168,0.988500904005487
20,1.177734432781,0.0704692991383409,0.848270629199083
21,0.870048810040502,0.0910012782399384,0.723486258892945
22,0.848476496495576,0.0934623094380843,0.951750918643622
23,0.668223345885606,0.0719780721139411,0.971654311762492
24,0.825788821089621,0.0666938404769973,0.986236441856162
25,1.09859633917337,0.0356206326198783,0.930125801318729
26,1.17252501885969,0.0649217954005904,0.934088596283928
27,1.07206325426612,0.0805594029557796,0.871643146682251
28,0.952551003732694,0.0497591292201402,0.961904748809726
29,1.1907838191793,0.0505827187445015,0.949992007455634
30,1.06718658229464,0.0526833090423947,0.772297247930857
31,0.94223054906525,0.0969908672334681,0.92169417534121
32,1.14551929858864,0.0394742164813453,0.952265287120905
33,1.19231882316776,0.0471617290959864,0.97953499248405
34,1.06186410578044,0.0516410447478782,0.915941751819015
35,0.779933799954405,0.0877706836670532,0.932576307113297
36,0.938451066691143,0.0378321652075558,0.976662741073913
37,1.09401816640583,0.0418863925650359,0.987808930838449
38,0.263732056045192,0.134524995680215,0.998634064897623
39,1.07792129976932,0.061061586257669,0.910985367913483
40,0.67446697807295,0.0937848619655497,0.901546536453147
41,1.19956860604283,0.0553961974160261,0.976122058019286
42,1.01775062371795,0.131585594426072,0.862810909111161
43,0.706773806664489,0.0649790650345487,0.991992783458104
44,1.1347991914251,0.0493189631780032,0.979730533971707
45,1.18652847711903,0.0704847497969915,0.959124355526217
46,0.621875302117939,0.0512782335184719,0.995340120268107
47,0.893429741940617,0.0361830529926164,0.990418708373026
48,1.14078859099827,0.112011591146847,0.72695385610162
49,1.02723909753032,0.0793590072175415,0.993486086562256
50,0.784837194745638,0.072309795736757,0.991857676449944
