site_id,design_order,lat,lon,design_pft,source_site_pft,is_anchor,crop_codes,climate_region,temperature,precipitation,clay,soil_organic_C_density,source_events,source_sha256,source_cycles,model_execution_verified
328163,1,38.09936,-121.50154,annual crop,annual_crop,True,F16;G**;P1,Sacramento-Delta,16.4,474,31.5,907,sources/monitoring/ens_001/events-328163.in,160fabe15f3211c0d5da06178473307f06c437d68878d8d136d223fa84110551,sources/monitoring/ens_001/cycles-328163.csv,False
26336,2,36.17114,-120.19718,woody perennial crop,temperate.deciduous,True,D12;D5,San Joaquin Valley,20,263,33.1,208,sources/monitoring/ens_001/events-26336.in,00305302539720ab15dfbbbba30dec5fd32e9e3929c18065b02881a2b63d7602,sources/monitoring/ens_001/cycles-26336.csv,False
565118,3,38.10958,-121.53613,annual crop,annual_crop,True,F16;G2;G6,Sacramento-Delta,16.4,474,34.4,930,sources/monitoring/ens_001/events-565118.in,170f94020589061fbc309f157570022957c80d8ba4a098ce6d3ce77989ba481e,sources/monitoring/ens_001/cycles-565118.csv,False
159849,4,36.94729,-120.10535,woody perennial crop,temperate.deciduous,True,D12;V2,San Joaquin Valley,19.3,553,24.8,330,sources/monitoring/ens_001/events-159849.in,eb69471aab879d13cd69622f4ab73c49071e079f81adf63d1dc1098891c16163,sources/monitoring/ens_001/cycles-159849.csv,False
522375,5,32.81281,-115.44207,annual crop,annual_crop,True,F16;G6;P1;P6,Sonora Desert,23.9,66.5,31.5,307,sources/monitoring/ens_001/events-522375.in,e11154d2ae762a3a9bb554eda1eec913bc14e757079dec5c8426e9fa5c581920,sources/monitoring/ens_001/cycles-522375.csv,False
534243,6,36.1778,-120.20411,woody perennial crop,temperate.deciduous,True,D12,San Joaquin Valley,20,263,31.3,208,sources/monitoring/ens_001/events-534243.in,01b901f17bac9accca43c69dc4fe44c8239f30ab44a07bd3199079fd16c362dd,sources/monitoring/ens_001/cycles-534243.csv,False
205678,7,38.13153,-121.55174,annual crop,annual_crop,True,F16;R1;T32,Sacramento-Delta,16.4,474,42,923,sources/monitoring/ens_001/events-205678.in,205f05f7ba082dca372c3cf86850571ffe3bfbcdf049da39f3fd982f9e81c267,sources/monitoring/ens_001/cycles-205678.csv,False
169473,8,36.23738,-119.92755,woody perennial crop,temperate.deciduous,True,C5;D14,San Joaquin Valley,20,263,27.1,204,sources/monitoring/ens_001/events-169473.in,c15ea2b24b742d5b9df7c850f3860e0f716a8e47af35fffb5adf3b2f294ce883,sources/monitoring/ens_001/cycles-169473.csv,False
592578,9,38.13799,-121.51401,annual crop,annual_crop,True,F1;F16,Sacramento-Delta,16.4,474,34.9,983,sources/monitoring/ens_001/events-592578.in,224629812e3460050c6dea5469ef03ac7399cd60713271037655c5bba6dd5d55,sources/monitoring/ens_001/cycles-592578.csv,False
557284,10,36.82778,-120.13963,woody perennial crop,annual_crop,True,D14;T20,San Joaquin Valley,19.3,553,23.6,341,sources/monitoring/ens_001/events-557284.in,6543229c5006a588d99efeea25b056f9e12922c44377eda5b3f7d245a3746c05,sources/monitoring/ens_001/cycles-557284.csv,False
413887,11,38.12346,-121.54982,annual crop,annual_crop,True,R1,Sacramento-Delta,16.4,474,42.6,924,sources/monitoring/ens_001/events-413887.in,d8c6ad7d44ea22e33cb04f972955290572ae9bd80044227f8af555cdc1c171a8,sources/monitoring/ens_001/cycles-413887.csv,False
590334,12,36.35733,-119.09283,woody perennial crop,temperate.deciduous,True,C5,San Joaquin Valley,13.2,556,15,321,sources/monitoring/ens_001/events-590334.in,5c7ca6df3bdff83b258ae4128755acb35cbcbf0f47ca3c5e342297a31fff31e6,sources/monitoring/ens_001/cycles-590334.csv,False
440393,13,39.57712,-121.86221,annual crop,temperate.deciduous,True,D3;R1,North Central,18.3,629,39.9,326,sources/monitoring/ens_001/events-440393.in,67a3275d64bfdbc3844f2d2437683a268f043ff9772d790159f208d3db0a8718,sources/monitoring/ens_001/cycles-440393.csv,False
16073,14,38.50244,-121.97646,woody perennial crop,NA,True,D12;T18;T20,Sacramento-Delta,16.8,494,29.6,368,sources/monitoring/ens_001/events-16073.in,70acb19c6f7fa3bcc32aee50efdd81055605037ac4beb593abcd278c4bb596c8,sources/monitoring/ens_001/cycles-16073.csv,False
420343,15,37.69949,-121.1391,annual crop,temperate.deciduous,True,D13;F16;G2,Sacramento-Delta,16.6,495,36.9,410,sources/monitoring/ens_001/events-420343.in,325ddd57b72c21b0713af6c0383bbd9858a7847f546dd98d6b04cf46d1ae0f9b,sources/monitoring/ens_001/cycles-420343.csv,False
415399,16,33.96684,-117.34049,woody perennial crop,temperate.deciduous,True,C5,Southern Interior,18,305,23.5,269,sources/monitoring/ens_001/events-415399.in,4b3d8191987610d9948a8df4f3f5236fe873885bac9028bea51818d6f87da446,sources/monitoring/ens_001/cycles-415399.csv,False
132390,17,39.59614,-122.0226,annual crop,temperate.deciduous,True,C5;R1,North Central,18.3,629,30.9,306,sources/monitoring/ens_001/events-132390.in,54fb76ca0ef0a87023c05890d735f5c23cd3653faa21558d658276595e360e9e,sources/monitoring/ens_001/cycles-132390.csv,False
514070,18,37.62903,-121.08781,woody perennial crop,temperate.deciduous,True,C6;D12,Sacramento-Delta,16.6,495,25.1,375,sources/monitoring/ens_001/events-514070.in,dac5c8a7f34502dd1e58e8371a6b1efbf6a4468f2733afc2b69c7d6b6752b77b,sources/monitoring/ens_001/cycles-514070.csv,False
52519,19,38.17441,-121.51733,annual crop,temperate.deciduous,True,F16;T12;T16,Sacramento-Delta,16.4,474,37.4,909,sources/monitoring/ens_001/events-52519.in,5f26392d1676699b9908adb493f77a135377a8bd853702b6b22e1d385b71ba1c,sources/monitoring/ens_001/cycles-52519.csv,False
90,20,36.72266,-121.25348,woody perennial crop,temperate.deciduous,False,V2,San Joaquin Valley,14.1,412,22.3,335,sources/monitoring/ens_001/events-90.in,e6f57a4931166fced7b3e4c53aaa1e29590d1f1ecd2d21284cf8c62afb4ba96a,sources/monitoring/ens_001/cycles-90.csv,False
248496,21,38.11573,-121.64507,annual crop,temperate.deciduous,True,C5;P1,Sacramento-Delta,16.4,474,46.2,689,sources/monitoring/ens_001/events-248496.in,2616b799c701fca93ac90abc0759dd86dbb2e12c92bf837aec19005c3c5a5d17,sources/monitoring/ens_001/cycles-248496.csv,False
332581,22,38.27661,-121.22766,woody perennial crop,temperate.deciduous,False,D15;G6,Sacramento-Delta,15.6,811,17.9,307,sources/monitoring/ens_001/events-332581.in,487383fb93d1000578d760d2934d1e59d19fe6c0338c3edfaca2c42414c3e055,sources/monitoring/ens_001/cycles-332581.csv,False
296871,23,38.54294,-121.87237,annual crop,temperate.deciduous,True,D13;T18,Sacramento-Delta,16.8,494,27.5,324,sources/monitoring/ens_001/events-296871.in,e0911b23b9962ca7884b6d3c1b43f906fe196587f93c4833264297249bbf52c9,sources/monitoring/ens_001/cycles-296871.csv,False
488132,24,33.7738,-115.32678,woody perennial crop,temperate.deciduous,False,C7;T16,Sonora Desert,23,96.2,16.8,95,sources/monitoring/ens_001/events-488132.in,8915f3781a6fb2369b35bfadca768e17357957d6aadb2dff1c6b697861d39c80,sources/monitoring/ens_001/cycles-488132.csv,False
589918,25,36.62289,-121.54925,annual crop,temperate.deciduous,True,G6;T20;T30;V2,Central Coast,14.1,412,18.3,335,sources/monitoring/ens_001/events-589918.in,d20e0b5208fd7dffa7ab4d0468e075690dd652d23de9d48b6b2df1261c72da42,sources/monitoring/ens_001/cycles-589918.csv,False
142350,26,38.13472,-121.62383,woody perennial crop,temperate.deciduous,False,D12;P1,Sacramento-Delta,16.4,474,50.5,999,sources/monitoring/ens_001/events-142350.in,06677590657c4b91fcbf30c8925b16fb3ab034fe6b76fd9a7fc2087625a6055c,sources/monitoring/ens_001/cycles-142350.csv,False
535358,27,39.68222,-122.0026,annual crop,annual_crop,True,G6;R1,North Central,18.3,629,32.3,341,sources/monitoring/ens_001/events-535358.in,10aee97d88fc78ceaafec93fb574544e08e9f2e105bf052f06e40a507d3c5b0d,sources/monitoring/ens_001/cycles-535358.csv,False
321992,28,35.8788,-119.51656,woody perennial crop,temperate.deciduous,False,D13;G2;G6,San Joaquin Valley,19.6,247,17.8,196,sources/monitoring/ens_001/events-321992.in,3a228d0fa306029d668321994559188010249a1e5dd7d8477810329676475689,sources/monitoring/ens_001/cycles-321992.csv,False
589581,29,38.09222,-121.64036,annual crop,temperate.deciduous,True,D12;G6;P1,Sacramento-Delta,16.4,474,35.5,709,sources/monitoring/ens_001/events-589581.in,de1e270ff3b75f84aba275ac0ea5b180cddcb7e0df77fe5715e944835b174596,sources/monitoring/ens_001/cycles-589581.csv,False
590073,30,38.10809,-121.65527,annual crop,temperate.deciduous,True,C5;G2;R1,Sacramento-Delta,16.4,474,33.1,736,sources/monitoring/ens_001/events-590073.in,a320b80bc49cae98977ce29213e3a7b335737fc1cee094e51cd463db61cdd9af,sources/monitoring/ens_001/cycles-590073.csv,False
437146,31,38.75169,-120.67468,woody perennial crop,temperate.deciduous,False,D1;D3,Sierra,11,1100,20.5,532,sources/monitoring/ens_001/events-437146.in,8df9a9a6bca81f746e4bbe39a75dbcf4724c7130439b51a2a6e94eea436b1ab2,sources/monitoring/ens_001/cycles-437146.csv,False
14,32,35.98256,-119.16781,annual crop,annual_crop,False,D14;F16;G6,San Joaquin Valley,15,405,18.8,286,sources/monitoring/ens_001/events-14.in,3849661a6e068987ebecd4fc98e8170bed2d5a8ac337f7f89c59a7571107f0ef,sources/monitoring/ens_001/cycles-14.csv,False
96038,33,33.12785,-115.54385,woody perennial crop,temperate.deciduous,False,C7;D12;F11,Sonora Desert,23.9,66.5,42.7,272,sources/monitoring/ens_001/events-96038.in,ebcbea0bfbf57ede4140acb3af275d6a81364f02906b74e0d90e83792d23c42c,sources/monitoring/ens_001/cycles-96038.csv,False
155097,34,38.1542,-121.61398,annual crop,grass,False,F16;R1;T18;T32;T6;T9,Sacramento-Delta,16.4,474,46.6,899,sources/monitoring/ens_001/events-155097.in,e063db01dd706b4eaa3f65613559edd6f67bf9cf65b8860dce9cc87b5bcc7ae2,sources/monitoring/ens_001/cycles-155097.csv,False
30934,35,33.69643,-114.58866,woody perennial crop,temperate.deciduous,False,C4;T19,Sonora Desert,23.8,127,33.6,136,sources/monitoring/ens_001/events-30934.in,e3e05fa368539be4cc82166947873377a097a0f8a91542c639fc41212181f575,sources/monitoring/ens_001/cycles-30934.csv,False
32528,36,33.48618,-116.13102,annual crop,temperate.deciduous,False,C5;T10;T18;T6,Sonora Desert,21.9,106,24,221,sources/monitoring/ens_001/events-32528.in,f12bb84089446f9dce72b349fa3122b6f96f8c8ae53b2de807faefa91c174ec3,sources/monitoring/ens_001/cycles-32528.csv,False
469135,37,41.96147,-120.30404,woody perennial crop,temperate.deciduous,False,C5;G6;V2,Northeast,9.09,495,26.2,324,sources/monitoring/ens_001/events-469135.in,0236712b68d77231df0eb044daeb2824cd03fc635a4693d5e092d555e74a14d0,sources/monitoring/ens_001/cycles-469135.csv,False
357428,38,41.90001,-124.13959,annual crop,temperate.deciduous,False,P3,North Coast,11.7,1450,27.1,640,sources/monitoring/ens_001/events-357428.in,55a8489dae80e34cd33ce3161338af6374613b78a4c59ad0b31e1cbe095941ab,sources/monitoring/ens_001/cycles-357428.csv,False
472163,39,34.34121,-119.30182,woody perennial crop,annual_crop,False,C5;T32,South Coast,17.4,311,26.3,380,sources/monitoring/ens_001/events-472163.in,ad796c1a415a9fb16d62131db0e14d454b95bbfc2a6d15525d138f91f9805045,sources/monitoring/ens_001/cycles-472163.csv,False
329357,40,35.14637,-118.82009,annual crop,annual_crop,False,T31;T32;V2,San Joaquin Valley,17.8,261,13.2,220,sources/monitoring/ens_001/events-329357.in,b39dd21939f4a3e114119f19de4f2813db3261b8a76d14e063c683597639011c,sources/monitoring/ens_001/cycles-329357.csv,False
152256,41,38.29046,-122.38996,woody perennial crop,temperate.deciduous,False,C6;D13,Sacramento-Delta,15.5,613,21.7,393,sources/monitoring/ens_001/events-152256.in,181105f2c4154ab6f351ce6a95219dd61b238ae625e3dca3ba7e612e4478f439,sources/monitoring/ens_001/cycles-152256.csv,False
89752,42,37.37847,-118.40035,annual crop,temperate.deciduous,False,D5;P3,Mojave Desert,6.41,593,13,444,sources/monitoring/ens_001/events-89752.in,5efc86feac86b06ba2aeee1ebe09f8642231ffbde9f6cab1cf1b0bf73539ff24,sources/monitoring/ens_001/cycles-89752.csv,False
362135,43,36.91921,-120.60184,woody perennial crop,temperate.deciduous,False,G6;R1;V2,San Joaquin Valley,17.7,416,49.5,245,sources/monitoring/ens_001/events-362135.in,57e1ef760f6418970982019aa10eb69bcdc679ec7315fc3fb41f878c56b1602a,sources/monitoring/ens_001/cycles-362135.csv,False
594379,44,36.94719,-121.8011,annual crop,grass,False,P3;T20,Central Coast,13.4,501,23.1,369,sources/monitoring/ens_001/events-594379.in,ebd26c549522f755768556a98468676c6c296dfa983ca1a64ade25a6be9b1ac1,sources/monitoring/ens_001/cycles-594379.csv,False
429989,45,36.72355,-119.8642,woody perennial crop,temperate.deciduous,False,C6;T18,San Joaquin Valley,20.9,355,20.4,320,sources/monitoring/ens_001/events-429989.in,b8246e518a30a5c051690fc13add3ed9a5d3fd7edcfdfec621bbe9943dbda8b0,sources/monitoring/ens_001/cycles-429989.csv,False
102480,46,39.74194,-122.25899,annual crop,temperate.deciduous,False,G2;G6;V2,North Central,16.4,660,47.3,319,sources/monitoring/ens_001/events-102480.in,2e9a3412238b9aa7895d1fb6c8bfc235fd30c0a8e08869771dbd6f20c7e49e4f,sources/monitoring/ens_001/cycles-102480.csv,False
28809,47,36.26025,-119.70729,woody perennial crop,temperate.deciduous,False,D12;D13;F1;F16,San Joaquin Valley,17.8,399,15.3,252,sources/monitoring/ens_001/events-28809.in,e0e5d873b6ca7a507fd6e19dd829e205df83c170872bf684a94b6085c5d0b247,sources/monitoring/ens_001/cycles-28809.csv,False
405184,48,33.56834,-114.6181,annual crop,temperate.deciduous,False,D13;P6,Sonora Desert,23.8,127,36.3,230,sources/monitoring/ens_001/events-405184.in,af6868e01e2d9739ba9ef7ab46db22f49fe7ea95b57fcc2c67cfb244e5515ce5,sources/monitoring/ens_001/cycles-405184.csv,False
330822,49,38.05391,-121.48873,woody perennial crop,temperate.deciduous,False,D10;G6,Sacramento-Delta,16.4,474,37.6,818,sources/monitoring/ens_001/events-330822.in,79b42cc482112183bc93ea4458a45510faacd407c1f3f69c9ccac87ede4a2409,sources/monitoring/ens_001/cycles-330822.csv,False
15499,50,37.02377,-120.14611,annual crop,temperate.deciduous,False,P3;V2,San Joaquin Valley,19.3,553,26.1,337,sources/monitoring/ens_001/events-15499.in,e4c0850aa3717296f07b9b2904cf0481d51bde97bdcf45eb1bb57ee4667582da,sources/monitoring/ens_001/cycles-15499.csv,False
284301,51,36.90351,-120.48616,woody perennial crop,annual_crop,False,D14;T30,San Joaquin Valley,17.7,416,48.3,283,sources/monitoring/ens_001/events-284301.in,e27ff75f830b92176444f29ae964624f7d5d7ca9a100316a162f06954a797e91,sources/monitoring/ens_001/cycles-284301.csv,False
285241,52,38.27897,-122.33578,annual crop,annual_crop,False,P1;V2,Sacramento-Delta,15.5,613,27.4,329,sources/monitoring/ens_001/events-285241.in,478d1850b9dce1cd513483a64362f692605bad11a53760711db0f6151c2dbf0a,sources/monitoring/ens_001/cycles-285241.csv,False
244878,53,38.05085,-121.48882,woody perennial crop,grass,False,R1;T19,Sacramento-Delta,16.4,474,34.8,824,sources/monitoring/ens_001/events-244878.in,6791354275894f62978fbda964379c916b53a834970bbc98fefb88d5a6f66a01,sources/monitoring/ens_001/cycles-244878.csv,False
405606,54,35.4088,-119.47618,annual crop,grass,False,F1;P4,San Joaquin Valley,18.8,227,34.4,216,sources/monitoring/ens_001/events-405606.in,24a910c18e99008344ff630d3f9f0e98547006542bf4eaa56b24790fca1fd58c,sources/monitoring/ens_001/cycles-405606.csv,False
327124,55,35.06707,-119.30699,woody perennial crop,grass,False,C5;P3,San Joaquin Valley,18,287,14.1,177,sources/monitoring/ens_001/events-327124.in,50fbcdfdc26dd9773c0638bbcbafcc6002ff04271839f8638dd2f4383be19554,sources/monitoring/ens_001/cycles-327124.csv,False
118038,56,40.01262,-122.12186,annual crop,temperate.deciduous,False,C5;G6,North Central,16.1,829,14.8,346,sources/monitoring/ens_001/events-118038.in,18ab763b590ef088f0cc8802d67254b055ef47530acf1cffde5dd2bca0bbf19c,sources/monitoring/ens_001/cycles-118038.csv,False
597240,57,33.20952,-115.51989,woody perennial crop,temperate.deciduous,False,C4;P6;T18,Sonora Desert,23.9,66.5,35.7,239,sources/monitoring/ens_001/events-597240.in,87ba2c74fa5df1345885b8a45d69ec3f9afc6cfebb7eb97afe3f5ba69370cca8,sources/monitoring/ens_001/cycles-597240.csv,False
299613,58,38.06203,-121.46995,annual crop,grass,False,D13;P1;P3,Sacramento-Delta,16.4,474,36.4,937,sources/monitoring/ens_001/events-299613.in,459c24bcd72d344960c826c6d180f1f0c68c2a1da70edeedfc8bf4d853d96285,sources/monitoring/ens_001/cycles-299613.csv,False
293793,59,39.32027,-121.9284,annual crop,temperate.deciduous,False,C6;F16,North Central,18.3,629,34.4,396,sources/monitoring/ens_001/events-293793.in,7e25f7ec694eb78c4c89000b467f497ad74ad58e1434b974a903361f1ba96e05,sources/monitoring/ens_001/cycles-293793.csv,False
144461,60,36.89782,-120.42527,woody perennial crop,temperate.deciduous,False,D14;V2,San Joaquin Valley,17.7,416,41.9,252,sources/monitoring/ens_001/events-144461.in,e4d65dfb873fac8c0aab74adf35500b91df9e76d83795c5efb89905b8d63f3a6,sources/monitoring/ens_001/cycles-144461.csv,False
153154,61,37.09871,-121.94973,annual crop,temperate.deciduous,False,T16;V2,Central Coast,13.4,501,23.2,413,sources/monitoring/ens_001/events-153154.in,6e13d035ecfecb82a1fa8cf728b41f323e19c37ff23d4b69a73c7f9bb0f660c4,sources/monitoring/ens_001/cycles-153154.csv,False
506467,62,33.62682,-116.20413,woody perennial crop,temperate.deciduous,False,C4;V2,Sonora Desert,21.9,106,21.9,242,sources/monitoring/ens_001/events-506467.in,841b48cb57752a4f1b16fef3518f4a81d0ae8bd5a17ef3f6adc7e996a205d675,sources/monitoring/ens_001/cycles-506467.csv,False
302976,63,32.74101,-114.59509,annual crop,temperate.deciduous,False,F1;F16;G2;G6;T30;V2,Sonora Desert,24.3,93.2,14.8,168,sources/monitoring/ens_001/events-302976.in,b51e590f4168dcd05a5a91497760061f4da59fbcdfc090c94114ff4dd864d363,sources/monitoring/ens_001/cycles-302976.csv,False
453786,64,38.71969,-122.79846,woody perennial crop,temperate.deciduous,False,C5;V2,North Central,13.7,669,22.7,364,sources/monitoring/ens_001/events-453786.in,89b4bc091618eea5700a2445f684ac4668505d0a0be2843ecb10d7994f212b2d,sources/monitoring/ens_001/cycles-453786.csv,False
336904,65,38.07339,-121.55144,annual crop,temperate.deciduous,False,D12;F16,Sacramento-Delta,16.4,474,35.3,809,sources/monitoring/ens_001/events-336904.in,12ccd864324699df8c4b1cebb80449a697f7cb8733fb72285fada60eaca1d028,sources/monitoring/ens_001/cycles-336904.csv,False
535040,66,41.79868,-122.03721,woody perennial crop,temperate.deciduous,False,D13;T20,North Central,10,672,20.4,276,sources/monitoring/ens_001/events-535040.in,85e70c7f6da78179c0b97456ff17fd4391f284f39e3bf53bd4a45cfa089ae6fe,sources/monitoring/ens_001/cycles-535040.csv,False
212287,67,35.28216,-118.94883,annual crop,annual_crop,False,G2;G6;T18,San Joaquin Valley,18.1,240,16.8,194,sources/monitoring/ens_001/events-212287.in,9390e9324cc9ecf82bddddcb3accc2db321366ecd4ee2569093239736ff1e2c0,sources/monitoring/ens_001/cycles-212287.csv,False
549173,68,38.74698,-120.66111,woody perennial crop,grass,False,D1;P3,Sierra,12.3,1060,19.7,562,sources/monitoring/ens_001/events-549173.in,fd07dd783c00e126cd0c25cd5f99b133457a0f8993abe8a92bef71314e9dd2df,sources/monitoring/ens_001/cycles-549173.csv,False
107465,69,39.69923,-122.16946,annual crop,annual_crop,False,D12;P3,North Central,18.3,629,35.5,306,sources/monitoring/ens_001/events-107465.in,f00a08730234c7440011ab0f59bc0430b3564b9ee114845bd26fc7a10dc789aa,sources/monitoring/ens_001/cycles-107465.csv,False
555182,70,39.90458,-122.15595,woody perennial crop,annual_crop,False,C6;P1,North Central,16.1,829,16.8,340,sources/monitoring/ens_001/events-555182.in,dd828437a5e6095a6dda2a251209891edb1debd8dd0f23255e6a4305b9a28e8e,sources/monitoring/ens_001/cycles-555182.csv,False
372700,71,33.5455,-116.14052,annual crop,grass,False,P3;T18;T30;T4,Sonora Desert,21.9,106,22.9,226,sources/monitoring/ens_001/events-372700.in,58a865fe3b09689a8490d90b19014da386b33e1c88b3e275d06f3955e480152b,sources/monitoring/ens_001/cycles-372700.csv,False
313780,72,36.96793,-121.80891,woody perennial crop,temperate.deciduous,False,C5;T19,Central Coast,13.4,501,24.7,449,sources/monitoring/ens_001/events-313780.in,5e2d334dcbcb0c51cfda79b2e42cc921b2f595c3e7d7d64ce0f1f533c2042f58,sources/monitoring/ens_001/cycles-313780.csv,False
309355,73,33.31083,-115.5841,annual crop,temperate.deciduous,False,D12;T18;T30,Sonora Desert,23.7,76.2,35.1,229,sources/monitoring/ens_001/events-309355.in,3860b65f80eb9dead7d23680547eb94b74c0177b6a8acd623520a13dfddb1c1d,sources/monitoring/ens_001/cycles-309355.csv,False
403505,74,36.17637,-119.82926,woody perennial crop,temperate.deciduous,False,F1;V2,San Joaquin Valley,20,263,34.5,186,sources/monitoring/ens_001/events-403505.in,cb43426a17b7dfd134616582cb9c88f1bf5917ce45603e3f570424e3bfc9ca70,sources/monitoring/ens_001/cycles-403505.csv,False
236386,75,38.79874,-120.81872,annual crop,temperate.deciduous,False,C5;P3,Sierra,15,959,15,351,sources/monitoring/ens_001/events-236386.in,3e825261b407b366afe16648b09021c30450cd219663d56709bde7e50b18023d,sources/monitoring/ens_001/cycles-236386.csv,False
14956,76,36.60424,-119.24576,woody perennial crop,temperate.deciduous,False,G6,San Joaquin Valley,13.2,556,22.4,343,sources/monitoring/ens_001/events-14956.in,46272d1c513bb43c8b87a6f8f3037474c33a922017f61ff75f5dde5251db0fec,sources/monitoring/ens_001/cycles-14956.csv,False
219229,77,39.77745,-122.05005,annual crop,temperate.deciduous,False,F16;G6;V2,North Central,16.1,829,22,365,sources/monitoring/ens_001/events-219229.in,568062c94b48e8a9eae1e6ec63bfa71389eed41bf60f06d8d6d71ed07e1bca4e,sources/monitoring/ens_001/cycles-219229.csv,False
375119,78,39.53131,-122.30753,woody perennial crop,temperate.deciduous,False,D3;G6,North Central,16.4,660,47.6,300,sources/monitoring/ens_001/events-375119.in,ddf3962c83a6a9938885cd21b028dacad82174bb6577dc5db97b17164172ac8b,sources/monitoring/ens_001/cycles-375119.csv,False
542872,79,37.88646,-121.30578,annual crop,temperate.deciduous,False,T19;T32;T4;T9,Sacramento-Delta,16.4,474,29.4,366,sources/monitoring/ens_001/events-542872.in,51ea71b49fad11caa97a02d36a3722800ec7e6c46545cbf4b23f889aa42cb38e,sources/monitoring/ens_001/cycles-542872.csv,False
250488,80,39.83968,-122.0364,woody perennial crop,temperate.deciduous,False,C5;C8,North Central,16.1,829,28.7,386,sources/monitoring/ens_001/events-250488.in,1b42840b6998c59b124bf602a8c727e8172b96fca793a100d1c19da4cdcdfc70,sources/monitoring/ens_001/cycles-250488.csv,False
417431,81,34.64269,-120.01665,annual crop,grass,False,P3;R1,South Coast,16.6,321,27.6,311,sources/monitoring/ens_001/events-417431.in,ed00e1db53adcc24e0a47ea8efeb35b67cf21003874b6a40a158db8cfd7a25a3,sources/monitoring/ens_001/cycles-417431.csv,False
601779,82,34.03653,-116.93889,woody perennial crop,temperate.deciduous,False,C5;D1,Southern Interior,17,288,9.2,367,sources/monitoring/ens_001/events-601779.in,eb84206bb692ee6c4039194c163344f7be4a0130e02ed12323d6f21c63b5df06,sources/monitoring/ens_001/cycles-601779.csv,False
237955,83,40.51096,-124.01932,annual crop,temperate.deciduous,False,D13;G6;P3,North Coast,11.9,1080,24.3,508,sources/monitoring/ens_001/events-237955.in,2e4563df0896f088db1e2bea42bf92ea766ed812bdd8d395edcac2eace846130,sources/monitoring/ens_001/cycles-237955.csv,False
424527,84,33.44177,-116.05899,woody perennial crop,temperate.deciduous,False,C5;D5;T18;T30,Sonora Desert,21.9,106,28.7,220,sources/monitoring/ens_001/events-424527.in,a89e6db122752eebd72afb8c530d45693abbea45f878a011656e4d197031e48f,sources/monitoring/ens_001/cycles-424527.csv,False
354196,85,33.50676,-116.13356,annual crop,temperate.deciduous,False,C5;T21,Sonora Desert,21.9,106,22.8,231,sources/monitoring/ens_001/events-354196.in,21635323f65ee75fddeb294555b238e2296929e7ea5b241f8341a60ce81ece6f,sources/monitoring/ens_001/cycles-354196.csv,False
327540,86,39.15898,-121.48311,woody perennial crop,annual_crop,False,D16;D8;T27,Sacramento-Delta,18.1,717,21.1,326,sources/monitoring/ens_001/events-327540.in,f01c1e12ef83846e174ab00db4ea9c229537f7f55d6aa2e6e76cb03de981b91a,sources/monitoring/ens_001/cycles-327540.csv,False
54800,87,38.35344,-121.70086,annual crop,annual_crop,False,G2;P3,Sacramento-Delta,17.2,550,51.3,522,sources/monitoring/ens_001/events-54800.in,2df06ae96cab573990988b4a6a48b5941a5510b15ed273f3eb7ca1fae67adf1c,sources/monitoring/ens_001/cycles-54800.csv,False
24366,88,36.14068,-119.93673,woody perennial crop,temperate.deciduous,False,D14;F1;G6,San Joaquin Valley,20,263,33.2,191,sources/monitoring/ens_001/events-24366.in,d962256dc9c8b49534990e7b33a2e220b1bbaa75b8aabe93ed07601ee5dcae6c,sources/monitoring/ens_001/cycles-24366.csv,False
276098,89,36.66514,-119.87397,annual crop,temperate.deciduous,False,T18;V2,San Joaquin Valley,20.9,355,23.5,273,sources/monitoring/ens_001/events-276098.in,e7d28f78d8899f217a57cb49918fbc1ff15c1730ed2805d1e0f688452e2021c9,sources/monitoring/ens_001/cycles-276098.csv,False
420047,90,33.20238,-117.17522,annual crop,annual_crop,False,T16;T18,South Coast,17.4,291,16.6,263,sources/monitoring/ens_001/events-420047.in,a0f8c947d2e687a66b365d8135b91f584a2beb7ce0de460a5839ff885628d7f0,sources/monitoring/ens_001/cycles-420047.csv,False
257423,91,39.6726,-122.30763,woody perennial crop,annual_crop,False,D12;P1,North Central,16.4,660,46.5,333,sources/monitoring/ens_001/events-257423.in,4c133d66adbe3a1f0fc4292dd0d85556fc009160858bb8799cb5ef92b7b1bb07,sources/monitoring/ens_001/cycles-257423.csv,False
338040,92,34.23752,-119.2297,annual crop,temperate.deciduous,False,T20;V2,South Coast,16.4,270,17.3,461,sources/monitoring/ens_001/events-338040.in,62e7ec489b78eb7c2f433879c5266885847ef472505b63b47c6e944eefc9b35e,sources/monitoring/ens_001/cycles-338040.csv,False
378874,93,35.27025,-118.80217,woody perennial crop,annual_crop,False,T18;V2,San Joaquin Valley,18.1,240,11.3,154,sources/monitoring/ens_001/events-378874.in,6bbf7633f4affbd82b723e0b0b95894f30238d3a8350a1607fe77403d5d40e81,sources/monitoring/ens_001/cycles-378874.csv,False
520659,94,38.86216,-121.63346,annual crop,temperate.deciduous,False,D12;G2;G6;R1,Sacramento-Delta,18.1,717,30.5,347,sources/monitoring/ens_001/events-520659.in,b0f118d5c92f51c7d2fc4c7e22caf64c1cb6ad13c27504359f64fcd7e7719123,sources/monitoring/ens_001/cycles-520659.csv,False
41669,95,34.49026,-120.08807,woody perennial crop,temperate.deciduous,False,C5;D12,South Coast,16.6,321,20.1,474,sources/monitoring/ens_001/events-41669.in,bbde6071404febe6578891f257569830284c3d04746e5f32c260a0a5982c809f,sources/monitoring/ens_001/cycles-41669.csv,False
436143,96,32.78821,-114.54959,annual crop,temperate.deciduous,False,T30;V2,Sonora Desert,24.4,100,14.6,176,sources/monitoring/ens_001/events-436143.in,20bdec2f7d5e32a4839dfb04e1e06982ab4ce094c2d30984fa2b2714a9c5449e,sources/monitoring/ens_001/cycles-436143.csv,False
371139,97,34.47955,-119.29727,woody perennial crop,temperate.deciduous,False,C5,South Coast,17.4,311,25.8,380,sources/monitoring/ens_001/events-371139.in,60bd054823d368a5c5f497069d58ed3d29567ecf60eee211ab4676e7328105a9,sources/monitoring/ens_001/cycles-371139.csv,False
510456,98,36.91733,-120.57621,annual crop,temperate.deciduous,False,C5;G6;R1,San Joaquin Valley,17.7,416,54,257,sources/monitoring/ens_001/events-510456.in,fa1dee01373c417cf2aa6857fe139f738ff9fee84c3e814f3e12810d9662efdd,sources/monitoring/ens_001/cycles-510456.csv,False
24007,99,37.66695,-118.36616,woody perennial crop,temperate.deciduous,False,C5;V2,Mojave Desert,6.41,593,9.4,97,sources/monitoring/ens_001/events-24007.in,f7755777abef3e1b4ef54b200b908686a1bc4a4dd368b78fd141364cd06fd8db,sources/monitoring/ens_001/cycles-24007.csv,False
462857,100,33.07424,-115.661,annual crop,annual_crop,False,F11;F5;P1;T18;T6,Sonora Desert,23.9,66.5,33,260,sources/monitoring/ens_001/events-462857.in,4ee6fae2cd311a4136ad95dc4b212efc7fc70eda776cff10adecb9a9711cf710,sources/monitoring/ens_001/cycles-462857.csv,False
