site_id,prep_years,variant,warnings,carbon_balance_warnings,max_carbon_delta,nitrogen_balance_warnings,max_nitrogen_delta,clamp_warnings,max_reported_clamp,log_sha256
14,8,preparation,16,0,0,8,0.001667,0,0,123d8e7fb08c0677f7d605a29f1d5310383a47c937453b4288616e2d2ee39ae6
14,8,baseline,16,0,0,8,0.001667,0,0,c1135368f73548e32233b9109131f32f15742935db1046abab989b279db51c90
14,8,no_change,16,0,0,8,0.001667,0,0,c1135368f73548e32233b9109131f32f15742935db1046abab989b279db51c90
14,8,cover,30,0,0,15,0.001667,0,0,5411f9c4858870e0fc0e91fe75b654a26c08734bbee55d5b9e1b819fb41b2724
14,16,preparation,32,0,0,16,0.001667,0,0,bd2d1713fe78d77fe71b4dfb2be5d6cb819d29ff89f2a70f1083fc225b8dc103
14,16,baseline,16,0,0,8,0.001667,0,0,323433a3dc5d2b746594e45a12405e31a74b4ccdeb116d5e83ed2ace678dbe71
14,16,no_change,16,0,0,8,0.001667,0,0,323433a3dc5d2b746594e45a12405e31a74b4ccdeb116d5e83ed2ace678dbe71
14,16,cover,30,0,0,15,0.001667,0,0,c154253634bd151c9bee882e8f5561c709de0b7b1232507558fd10da885b7d3d
54800,8,preparation,16,0,0,8,0.001932,0,0,d6e7b030fcc61ae02dfeb7f05ee0c3ab96de259982a4da5901461c11bd02d9bf
54800,8,baseline,16,0,0,8,0.001932,0,0,b009ef3028406ed6c17813bb0677f1a8e987fe5a25c634cfa597adba1b8933f3
54800,8,no_change,16,0,0,8,0.001932,0,0,b009ef3028406ed6c17813bb0677f1a8e987fe5a25c634cfa597adba1b8933f3
54800,8,cover,30,0,0,15,0.001932,0,0,7fb51388ee59c6fa4aec4f04d6d8b6af637578af9d00e39ba248a574b877340c
54800,16,preparation,32,0,0,16,0.001932,0,0,88a7c2b09c03739430b58c20276e354b51305430de0c1e2c05e857aa5729c3f8
54800,16,baseline,16,0,0,8,0.001932,0,0,f6328284aff1bdd2c6925d0d3f59d32d0650b9e486dae4db7b268f773004e158
54800,16,no_change,16,0,0,8,0.001932,0,0,f6328284aff1bdd2c6925d0d3f59d32d0650b9e486dae4db7b268f773004e158
54800,16,cover,30,0,0,15,0.001932,0,0,fc99fb75afedae77379a9eb9ab01c662ed5a6501c5d5fdd52e569597f389b900
413887,8,preparation,16,0,0,8,0.004162,0,0,41f2a878d2721fe0af76f573dafefa26011b6c2676dc6aa45050c44d4e3c2752
413887,8,baseline,16,0,0,8,0.004162,0,0,88cacc431828f2e90ee5add9ad70d2568163fff7fc8bd4e5c0f8d7f14f118348
413887,8,no_change,16,0,0,8,0.004162,0,0,88cacc431828f2e90ee5add9ad70d2568163fff7fc8bd4e5c0f8d7f14f118348
413887,8,one_interruption,16,0,0,8,0.004162,0,0,53613c6be3f2b264b495ed999b8e06e8d2a841e94769cacf402ef986f9f32eae
413887,8,two_interruptions,16,0,0,8,0.004162,0,0,7ef35ff8a003bc216f894212a4d0239ec83177e84858b26da2aa65f4a3ff7354
413887,16,preparation,32,0,0,16,0.004162,0,0,ff83cca3bdbeb2e050fe4e5e57dbc27c6930a053e80a8cb3b8ba728b3fb82ced
413887,16,baseline,16,0,0,8,0.004162,0,0,49b1594de61591cb07e73d77f45af2f0693c5a7e0765a33a7785fab10ded6362
413887,16,no_change,16,0,0,8,0.004162,0,0,49b1594de61591cb07e73d77f45af2f0693c5a7e0765a33a7785fab10ded6362
413887,16,one_interruption,16,0,0,8,0.004162,0,0,956d65f66ea6c1fb5abf4225fc086cc9093a6973b1e69f4cda0a202ac6b89f8f
413887,16,two_interruptions,16,0,0,8,0.004162,0,0,34dc03e9bee5a4990206b728a70aee494da5da4842c62abc41fb17e3afe6fd07
535358,8,preparation,16,0,0,8,0.00139,0,0,70f43517644e2398db716d9b6d8e5499efee398f26c9a239b32bda1ece7f69ac
535358,8,baseline,16,0,0,8,0.00139,0,0,38f538cc04848a54ff8f227ceea963587ac7f8a774ecca142dae3e5d0a8b8d69
535358,8,no_change,16,0,0,8,0.00139,0,0,38f538cc04848a54ff8f227ceea963587ac7f8a774ecca142dae3e5d0a8b8d69
535358,8,one_interruption,16,0,0,8,0.00139,0,0,f9e639d5c9fbbf597e0636ecf08244251ed40c1e01f166541cf2464c2ba26046
535358,8,two_interruptions,16,0,0,8,0.00139,0,0,643917f5f37d4579de034af486b0d3c6d18db77c26f4b6c3df381c527c99ecdb
535358,16,preparation,32,0,0,16,0.00139,0,0,9aa663fce6dc9cab9f959cb91c244762a9a3c6f41b46a1e6d6427f52da94c133
535358,16,baseline,16,0,0,8,0.00139,0,0,8194411d5d844750aca1f5e1a6fb6a5d84ebfc7953e9f1eb5b322ea38eb37d78
535358,16,no_change,16,0,0,8,0.00139,0,0,8194411d5d844750aca1f5e1a6fb6a5d84ebfc7953e9f1eb5b322ea38eb37d78
535358,16,one_interruption,16,0,0,8,0.00139,0,0,35aad600f0006e88e664b998cfb4104fdc38629c57696eed716b04e636daffb5
535358,16,two_interruptions,16,0,0,8,0.00139,0,0,ad15d8971b45247d13df445195dfeedd981c957aa9dae89b2b0df2e0d3061236
