"site_id","prep_years","variant","year","soil_conversion_difference_g_m2","gpp_conversion_difference_g_m2"
"14",8,"baseline",2016,4.54747350886464e-13,8.88178419700125e-16
"14",8,"baseline",2017,0,0
"14",8,"baseline",2018,0,8.88178419700125e-16
"14",8,"baseline",2019,0,0
"14",8,"baseline",2020,0,0
"14",8,"baseline",2021,0,0
"14",8,"baseline",2022,0,4.44089209850063e-16
"14",8,"baseline",2023,0,0
"14",8,"no_change",2016,4.54747350886464e-13,8.88178419700125e-16
"14",8,"no_change",2017,0,0
"14",8,"no_change",2018,0,8.88178419700125e-16
"14",8,"no_change",2019,0,0
"14",8,"no_change",2020,0,0
"14",8,"no_change",2021,0,0
"14",8,"no_change",2022,0,4.44089209850063e-16
"14",8,"no_change",2023,0,0
"14",8,"cover",2016,0,0
"14",8,"cover",2017,0,8.88178419700125e-16
"14",8,"cover",2018,0,8.88178419700125e-16
"14",8,"cover",2019,0,8.88178419700125e-16
"14",8,"cover",2020,0,0
"14",8,"cover",2021,0,4.44089209850063e-16
"14",8,"cover",2022,0,0
"14",8,"cover",2023,0,0
"14",16,"baseline",2016,0,8.88178419700125e-16
"14",16,"baseline",2017,0,0
"14",16,"baseline",2018,2.27373675443232e-13,8.88178419700125e-16
"14",16,"baseline",2019,0,0
"14",16,"baseline",2020,0,0
"14",16,"baseline",2021,1.13686837721616e-13,0
"14",16,"baseline",2022,1.13686837721616e-13,4.44089209850063e-16
"14",16,"baseline",2023,0,0
"14",16,"no_change",2016,0,8.88178419700125e-16
"14",16,"no_change",2017,0,0
"14",16,"no_change",2018,2.27373675443232e-13,8.88178419700125e-16
"14",16,"no_change",2019,0,0
"14",16,"no_change",2020,0,0
"14",16,"no_change",2021,1.13686837721616e-13,0
"14",16,"no_change",2022,1.13686837721616e-13,4.44089209850063e-16
"14",16,"no_change",2023,0,0
"14",16,"cover",2016,0,0
"14",16,"cover",2017,0,8.88178419700125e-16
"14",16,"cover",2018,0,8.88178419700125e-16
"14",16,"cover",2019,0,8.88178419700125e-16
"14",16,"cover",2020,0,0
"14",16,"cover",2021,0,4.44089209850063e-16
"14",16,"cover",2022,1.13686837721616e-13,0
"14",16,"cover",2023,1.13686837721616e-13,0
"54800",8,"baseline",2016,0,1.77635683940025e-15
"54800",8,"baseline",2017,0,0
"54800",8,"baseline",2018,0,1.77635683940025e-15
"54800",8,"baseline",2019,0,1.77635683940025e-15
"54800",8,"baseline",2020,4.54747350886464e-13,0
"54800",8,"baseline",2021,0,0
"54800",8,"baseline",2022,0,8.88178419700125e-16
"54800",8,"baseline",2023,0,1.77635683940025e-15
"54800",8,"no_change",2016,0,1.77635683940025e-15
"54800",8,"no_change",2017,0,0
"54800",8,"no_change",2018,0,1.77635683940025e-15
"54800",8,"no_change",2019,0,1.77635683940025e-15
"54800",8,"no_change",2020,4.54747350886464e-13,0
"54800",8,"no_change",2021,0,0
"54800",8,"no_change",2022,0,8.88178419700125e-16
"54800",8,"no_change",2023,0,1.77635683940025e-15
"54800",8,"cover",2016,0,1.77635683940025e-15
"54800",8,"cover",2017,9.09494701772928e-13,1.77635683940025e-15
"54800",8,"cover",2018,0,0
"54800",8,"cover",2019,0,1.77635683940025e-15
"54800",8,"cover",2020,0,0
"54800",8,"cover",2021,0,0
"54800",8,"cover",2022,0,0
"54800",8,"cover",2023,4.54747350886464e-13,0
"54800",16,"baseline",2016,4.54747350886464e-13,1.77635683940025e-15
"54800",16,"baseline",2017,0,0
"54800",16,"baseline",2018,0,1.77635683940025e-15
"54800",16,"baseline",2019,0,1.77635683940025e-15
"54800",16,"baseline",2020,0,0
"54800",16,"baseline",2021,0,0
"54800",16,"baseline",2022,0,8.88178419700125e-16
"54800",16,"baseline",2023,0,1.77635683940025e-15
"54800",16,"no_change",2016,4.54747350886464e-13,1.77635683940025e-15
"54800",16,"no_change",2017,0,0
"54800",16,"no_change",2018,0,1.77635683940025e-15
"54800",16,"no_change",2019,0,1.77635683940025e-15
"54800",16,"no_change",2020,0,0
"54800",16,"no_change",2021,0,0
"54800",16,"no_change",2022,0,8.88178419700125e-16
"54800",16,"no_change",2023,0,1.77635683940025e-15
"54800",16,"cover",2016,0,1.77635683940025e-15
"54800",16,"cover",2017,0,1.77635683940025e-15
"54800",16,"cover",2018,0,0
"54800",16,"cover",2019,0,1.77635683940025e-15
"54800",16,"cover",2020,0,0
"54800",16,"cover",2021,0,0
"54800",16,"cover",2022,0,0
"54800",16,"cover",2023,0,0
"413887",8,"baseline",2016,0,0
"413887",8,"baseline",2017,0,0
"413887",8,"baseline",2018,0,1.77635683940025e-15
"413887",8,"baseline",2019,0,1.77635683940025e-15
"413887",8,"baseline",2020,0,8.88178419700125e-16
"413887",8,"baseline",2021,0,0
"413887",8,"baseline",2022,9.09494701772928e-13,0
"413887",8,"baseline",2023,9.09494701772928e-13,0
"413887",8,"no_change",2016,0,0
"413887",8,"no_change",2017,0,0
"413887",8,"no_change",2018,0,1.77635683940025e-15
"413887",8,"no_change",2019,0,1.77635683940025e-15
"413887",8,"no_change",2020,0,8.88178419700125e-16
"413887",8,"no_change",2021,0,0
"413887",8,"no_change",2022,9.09494701772928e-13,0
"413887",8,"no_change",2023,9.09494701772928e-13,0
"413887",8,"one_interruption",2016,0,0
"413887",8,"one_interruption",2017,0,0
"413887",8,"one_interruption",2018,0,1.77635683940025e-15
"413887",8,"one_interruption",2019,0,1.77635683940025e-15
"413887",8,"one_interruption",2020,0,8.88178419700125e-16
"413887",8,"one_interruption",2021,0,0
"413887",8,"one_interruption",2022,0,0
"413887",8,"one_interruption",2023,0,0
"413887",8,"two_interruptions",2016,0,0
"413887",8,"two_interruptions",2017,9.09494701772928e-13,0
"413887",8,"two_interruptions",2018,0,1.77635683940025e-15
"413887",8,"two_interruptions",2019,0,1.77635683940025e-15
"413887",8,"two_interruptions",2020,9.09494701772928e-13,8.88178419700125e-16
"413887",8,"two_interruptions",2021,0,0
"413887",8,"two_interruptions",2022,0,0
"413887",8,"two_interruptions",2023,0,0
"413887",16,"baseline",2016,9.09494701772928e-13,0
"413887",16,"baseline",2017,0,0
"413887",16,"baseline",2018,0,1.77635683940025e-15
"413887",16,"baseline",2019,4.54747350886464e-13,1.77635683940025e-15
"413887",16,"baseline",2020,0,8.88178419700125e-16
"413887",16,"baseline",2021,0,0
"413887",16,"baseline",2022,0,0
"413887",16,"baseline",2023,0,0
"413887",16,"no_change",2016,9.09494701772928e-13,0
"413887",16,"no_change",2017,0,0
"413887",16,"no_change",2018,0,1.77635683940025e-15
"413887",16,"no_change",2019,4.54747350886464e-13,1.77635683940025e-15
"413887",16,"no_change",2020,0,8.88178419700125e-16
"413887",16,"no_change",2021,0,0
"413887",16,"no_change",2022,0,0
"413887",16,"no_change",2023,0,0
"413887",16,"one_interruption",2016,9.09494701772928e-13,0
"413887",16,"one_interruption",2017,0,0
"413887",16,"one_interruption",2018,0,1.77635683940025e-15
"413887",16,"one_interruption",2019,4.54747350886464e-13,1.77635683940025e-15
"413887",16,"one_interruption",2020,0,8.88178419700125e-16
"413887",16,"one_interruption",2021,0,0
"413887",16,"one_interruption",2022,0,0
"413887",16,"one_interruption",2023,0,0
"413887",16,"two_interruptions",2016,9.09494701772928e-13,0
"413887",16,"two_interruptions",2017,0,0
"413887",16,"two_interruptions",2018,0,1.77635683940025e-15
"413887",16,"two_interruptions",2019,0,1.77635683940025e-15
"413887",16,"two_interruptions",2020,0,8.88178419700125e-16
"413887",16,"two_interruptions",2021,0,0
"413887",16,"two_interruptions",2022,0,0
"413887",16,"two_interruptions",2023,4.54747350886464e-13,0
"535358",8,"baseline",2016,0,4.44089209850063e-16
"535358",8,"baseline",2017,0,0
"535358",8,"baseline",2018,0,4.44089209850063e-16
"535358",8,"baseline",2019,2.27373675443232e-13,0
"535358",8,"baseline",2020,0,4.44089209850063e-16
"535358",8,"baseline",2021,0,0
"535358",8,"baseline",2022,0,0
"535358",8,"baseline",2023,0,0
"535358",8,"no_change",2016,0,4.44089209850063e-16
"535358",8,"no_change",2017,0,0
"535358",8,"no_change",2018,0,4.44089209850063e-16
"535358",8,"no_change",2019,2.27373675443232e-13,0
"535358",8,"no_change",2020,0,4.44089209850063e-16
"535358",8,"no_change",2021,0,0
"535358",8,"no_change",2022,0,0
"535358",8,"no_change",2023,0,0
"535358",8,"one_interruption",2016,0,4.44089209850063e-16
"535358",8,"one_interruption",2017,0,0
"535358",8,"one_interruption",2018,2.27373675443232e-13,4.44089209850063e-16
"535358",8,"one_interruption",2019,0,0
"535358",8,"one_interruption",2020,0,4.44089209850063e-16
"535358",8,"one_interruption",2021,0,0
"535358",8,"one_interruption",2022,0,0
"535358",8,"one_interruption",2023,0,0
"535358",8,"two_interruptions",2016,0,4.44089209850063e-16
"535358",8,"two_interruptions",2017,0,0
"535358",8,"two_interruptions",2018,2.27373675443232e-13,4.44089209850063e-16
"535358",8,"two_interruptions",2019,0,0
"535358",8,"two_interruptions",2020,0,4.44089209850063e-16
"535358",8,"two_interruptions",2021,2.27373675443232e-13,0
"535358",8,"two_interruptions",2022,0,0
"535358",8,"two_interruptions",2023,0,0
"535358",16,"baseline",2016,0,4.44089209850063e-16
"535358",16,"baseline",2017,0,0
"535358",16,"baseline",2018,0,4.44089209850063e-16
"535358",16,"baseline",2019,0,0
"535358",16,"baseline",2020,0,4.44089209850063e-16
"535358",16,"baseline",2021,0,0
"535358",16,"baseline",2022,0,0
"535358",16,"baseline",2023,0,0
"535358",16,"no_change",2016,0,4.44089209850063e-16
"535358",16,"no_change",2017,0,0
"535358",16,"no_change",2018,0,4.44089209850063e-16
"535358",16,"no_change",2019,0,0
"535358",16,"no_change",2020,0,4.44089209850063e-16
"535358",16,"no_change",2021,0,0
"535358",16,"no_change",2022,0,0
"535358",16,"no_change",2023,0,0
"535358",16,"one_interruption",2016,0,4.44089209850063e-16
"535358",16,"one_interruption",2017,0,0
"535358",16,"one_interruption",2018,0,4.44089209850063e-16
"535358",16,"one_interruption",2019,0,0
"535358",16,"one_interruption",2020,0,4.44089209850063e-16
"535358",16,"one_interruption",2021,0,0
"535358",16,"one_interruption",2022,0,0
"535358",16,"one_interruption",2023,0,0
"535358",16,"two_interruptions",2016,0,4.44089209850063e-16
"535358",16,"two_interruptions",2017,0,0
"535358",16,"two_interruptions",2018,0,4.44089209850063e-16
"535358",16,"two_interruptions",2019,0,0
"535358",16,"two_interruptions",2020,0,4.44089209850063e-16
"535358",16,"two_interruptions",2021,0,0
"535358",16,"two_interruptions",2022,0,0
"535358",16,"two_interruptions",2023,0,0
