task,scenario,log_files,warning_lines,error_lines,carbon_balance_warnings,maximum_absolute_carbon_delta,nitrogen_balance_warnings,maximum_absolute_nitrogen_delta
413887_prep8,baseline,96,16,0,0,0.0,8,0.004162
413887_prep8,field_reference_drydown,96,16,0,0,0.0,8,0.004162
413887_prep8,threshold_stress_drydown,96,16,0,0,0.0,8,0.004162
413887_prep8,reproductive_severe_field_drydown,96,16,0,0,0.0,8,0.004162
413887_prep8,reproductive_one_time_drain,96,16,0,0,0.0,8,0.004162
413887_prep16,baseline,96,16,0,0,0.0,8,0.004162
413887_prep16,field_reference_drydown,96,16,0,0,0.0,8,0.004162
413887_prep16,threshold_stress_drydown,96,16,0,0,0.0,8,0.004162
413887_prep16,reproductive_severe_field_drydown,96,16,0,0,0.0,8,0.004162
413887_prep16,reproductive_one_time_drain,96,16,0,0,0.0,8,0.004162
535358_prep8,baseline,96,16,0,0,0.0,8,0.00139
535358_prep8,field_reference_drydown,96,16,0,0,0.0,8,0.00139
535358_prep8,threshold_stress_drydown,96,16,0,0,0.0,8,0.00139
535358_prep8,reproductive_severe_field_drydown,96,16,0,0,0.0,8,0.00139
535358_prep8,reproductive_one_time_drain,96,16,0,0,0.0,8,0.00139
535358_prep16,baseline,96,16,0,0,0.0,8,0.00139
535358_prep16,field_reference_drydown,96,16,0,0,0.0,8,0.00139
535358_prep16,threshold_stress_drydown,96,16,0,0,0.0,8,0.00139
535358_prep16,reproductive_severe_field_drydown,96,16,0,0,0.0,8,0.00139
535358_prep16,reproductive_one_time_drain,96,16,0,0,0.0,8,0.00139
