task,scenario,month_day,years,minimum_water_ratio,mean_water_ratio,maximum_water_ratio,mean_daily_ch4_kg_C_ha
413887_prep16,field_reference_drydown,06-19,8,0.9747499999999999,0.9909205729166667,0.99925,0.78
413887_prep16,field_reference_drydown,06-20,8,0.8806666666666666,0.8916809895833333,0.89875,0.0
413887_prep16,field_reference_drydown,06-21,8,0.7810833333333332,0.7915299479166666,0.7984166666666667,0.0
413887_prep16,field_reference_drydown,06-22,8,0.6845833333333333,0.6930963541666667,0.6990833333333333,0.0
413887_prep16,field_reference_drydown,06-23,8,0.5856666666666667,0.5941432291666666,0.59925,0.0
413887_prep16,field_reference_drydown,06-24,8,0.5731666666666667,0.5839869791666666,0.5906666666666667,0.0
413887_prep16,field_reference_drydown,06-25,8,0.5623333333333334,0.5735221354166666,0.5826666666666667,0.0
413887_prep16,field_reference_drydown,06-26,8,0.5526666666666666,0.5626002604166667,0.5733333333333334,0.0
413887_prep16,field_reference_drydown,06-27,8,0.5410833333333334,0.5519479166666666,0.56475,0.0
413887_prep16,field_reference_drydown,06-28,8,0.5275833333333334,0.54090625,0.5563333333333333,0.0
413887_prep16,field_reference_drydown,06-29,8,1.4521666666666666,1.4760403645833333,1.4952500000000002,1.605375
413887_prep16,reproductive_one_time_drain,07-15,8,0.9824999999999999,0.9916575520833333,0.9984166666666666,0.78825
413887_prep16,reproductive_one_time_drain,07-16,8,0.9660000000000001,0.9772981770833333,0.9871666666666666,0.10625
413887_prep16,reproductive_one_time_drain,07-17,8,0.9493333333333333,0.96289453125,0.9788333333333333,0.015375000000000002
413887_prep16,reproductive_one_time_drain,07-18,8,0.9356666666666666,0.9481901041666667,0.9665833333333333,0.0011250000000000001
413887_prep16,reproductive_one_time_drain,07-19,8,0.919,0.93347265625,0.9521666666666667,0.0
413887_prep16,reproductive_one_time_drain,07-20,8,0.9005833333333334,0.9190963541666667,0.9380000000000001,0.0
413887_prep16,reproductive_one_time_drain,07-21,8,0.8841666666666667,0.90465234375,0.9259166666666667,0.0
413887_prep16,reproductive_one_time_drain,07-22,8,0.8686666666666666,0.89056640625,0.916,0.0
413887_prep16,reproductive_one_time_drain,07-23,8,0.8541666666666666,0.8774869791666666,0.9058333333333333,0.0
413887_prep16,reproductive_one_time_drain,07-24,8,0.838,0.8643111979166667,0.89475,0.0
413887_prep16,reproductive_one_time_drain,07-25,8,1.4580833333333334,1.4780234375,1.4961666666666666,1.6285
413887_prep16,reproductive_severe_field_drydown,07-15,8,0.9824999999999999,0.9916575520833333,0.9984166666666666,0.7811250000000001
413887_prep16,reproductive_severe_field_drydown,07-16,8,0.8838333333333334,0.8926223958333334,0.8989166666666667,0.0
413887_prep16,reproductive_severe_field_drydown,07-17,8,0.7844166666666667,0.7925846354166667,0.7988333333333334,0.0
413887_prep16,reproductive_severe_field_drydown,07-18,8,0.6833333333333332,0.6933255208333333,0.6990833333333333,0.0
413887_prep16,reproductive_severe_field_drydown,07-19,8,0.58775,0.5942721354166667,0.599,0.0
413887_prep16,reproductive_severe_field_drydown,07-20,8,0.4891666666666667,0.49510286458333336,0.49924999999999997,0.0
413887_prep16,reproductive_severe_field_drydown,07-21,8,0.3919166666666667,0.39613932291666665,0.3994166666666667,0.0
413887_prep16,reproductive_severe_field_drydown,07-22,8,0.29391666666666666,0.29699739583333334,0.2995,0.0
413887_prep16,reproductive_severe_field_drydown,07-23,8,0.24491666666666667,0.24756640625,0.24958333333333335,0.0
413887_prep16,reproductive_severe_field_drydown,07-24,8,0.23991666666666667,0.24302083333333332,0.24591666666666667,0.0
413887_prep16,reproductive_severe_field_drydown,07-25,8,1.4580833333333334,1.4780234375,1.4961666666666666,1.6085
413887_prep16,threshold_stress_drydown,06-19,8,0.9747499999999999,0.9909205729166667,0.99925,0.77825
413887_prep16,threshold_stress_drydown,06-20,8,0.8806666666666666,0.8916809895833333,0.89875,0.0
413887_prep16,threshold_stress_drydown,06-21,8,0.7810833333333332,0.7915299479166666,0.7984166666666667,0.0
413887_prep16,threshold_stress_drydown,06-22,8,0.6845833333333333,0.6930963541666667,0.6990833333333333,0.0
413887_prep16,threshold_stress_drydown,06-23,8,0.5856666666666667,0.5941432291666666,0.59925,0.0
413887_prep16,threshold_stress_drydown,06-24,8,0.48941666666666667,0.4951783854166667,0.49924999999999997,0.0
413887_prep16,threshold_stress_drydown,06-25,8,0.39158333333333334,0.39599609375,0.3994166666666667,0.0
413887_prep16,threshold_stress_drydown,06-26,8,0.2935,0.2967890625,0.29933333333333334,0.0
413887_prep16,threshold_stress_drydown,06-27,8,0.24391666666666667,0.24725390625,0.24958333333333335,0.0
413887_prep16,threshold_stress_drydown,06-28,8,0.23775000000000002,0.24215104166666668,0.24541666666666664,0.0
413887_prep16,threshold_stress_drydown,06-29,8,1.4521666666666666,1.4760403645833333,1.4952500000000002,1.601125
413887_prep8,field_reference_drydown,06-19,8,0.9747499999999999,0.9909205729166667,0.99925,1.37475
413887_prep8,field_reference_drydown,06-20,8,0.8806666666666666,0.8916809895833333,0.89875,0.0
413887_prep8,field_reference_drydown,06-21,8,0.7810833333333332,0.7915299479166666,0.7984166666666667,0.0
413887_prep8,field_reference_drydown,06-22,8,0.6845833333333333,0.6930963541666667,0.6990833333333333,0.0
413887_prep8,field_reference_drydown,06-23,8,0.5856666666666667,0.5941432291666666,0.59925,0.0
413887_prep8,field_reference_drydown,06-24,8,0.5731666666666667,0.5839869791666666,0.5906666666666667,0.0
413887_prep8,field_reference_drydown,06-25,8,0.5623333333333334,0.5735221354166666,0.5826666666666667,0.0
413887_prep8,field_reference_drydown,06-26,8,0.5526666666666666,0.5626002604166667,0.5733333333333334,0.0
413887_prep8,field_reference_drydown,06-27,8,0.5410833333333334,0.5519479166666666,0.56475,0.0
413887_prep8,field_reference_drydown,06-28,8,0.5275833333333334,0.54090625,0.5563333333333333,0.0
413887_prep8,field_reference_drydown,06-29,8,1.4521666666666666,1.4760403645833333,1.4952500000000002,2.8285
413887_prep8,reproductive_one_time_drain,07-15,8,0.9824999999999999,0.9916575520833333,0.9984166666666666,1.38875
413887_prep8,reproductive_one_time_drain,07-16,8,0.9660000000000001,0.9772981770833333,0.9871666666666666,0.1875
413887_prep8,reproductive_one_time_drain,07-17,8,0.9493333333333333,0.96289453125,0.9788333333333333,0.027625
413887_prep8,reproductive_one_time_drain,07-18,8,0.9356666666666666,0.9481901041666667,0.9665833333333333,0.0022500000000000003
413887_prep8,reproductive_one_time_drain,07-19,8,0.919,0.93347265625,0.9521666666666667,0.0
413887_prep8,reproductive_one_time_drain,07-20,8,0.9005833333333334,0.9190963541666667,0.9380000000000001,0.0
413887_prep8,reproductive_one_time_drain,07-21,8,0.8841666666666667,0.90465234375,0.9259166666666667,0.0
413887_prep8,reproductive_one_time_drain,07-22,8,0.8686666666666666,0.89056640625,0.916,0.0
413887_prep8,reproductive_one_time_drain,07-23,8,0.8541666666666666,0.8774869791666666,0.9058333333333333,0.0
413887_prep8,reproductive_one_time_drain,07-24,8,0.838,0.8643111979166667,0.89475,0.0
413887_prep8,reproductive_one_time_drain,07-25,8,1.4580833333333334,1.4780234375,1.4961666666666666,2.869
413887_prep8,reproductive_severe_field_drydown,07-15,8,0.9824999999999999,0.9916575520833333,0.9984166666666666,1.3756249999999999
413887_prep8,reproductive_severe_field_drydown,07-16,8,0.8838333333333334,0.8926223958333334,0.8989166666666667,0.0
413887_prep8,reproductive_severe_field_drydown,07-17,8,0.7844166666666667,0.7925846354166667,0.7988333333333334,0.0
413887_prep8,reproductive_severe_field_drydown,07-18,8,0.6833333333333332,0.6933255208333333,0.6990833333333333,0.0
413887_prep8,reproductive_severe_field_drydown,07-19,8,0.58775,0.5942721354166667,0.599,0.0
413887_prep8,reproductive_severe_field_drydown,07-20,8,0.4891666666666667,0.49510286458333336,0.49924999999999997,0.0
413887_prep8,reproductive_severe_field_drydown,07-21,8,0.3919166666666667,0.39613932291666665,0.3994166666666667,0.0
413887_prep8,reproductive_severe_field_drydown,07-22,8,0.29391666666666666,0.29699739583333334,0.2995,0.0
413887_prep8,reproductive_severe_field_drydown,07-23,8,0.24491666666666667,0.24756640625,0.24958333333333335,0.0
413887_prep8,reproductive_severe_field_drydown,07-24,8,0.23991666666666667,0.24302083333333332,0.24591666666666667,0.0
413887_prep8,reproductive_severe_field_drydown,07-25,8,1.4580833333333334,1.4780234375,1.4961666666666666,2.8345000000000002
413887_prep8,threshold_stress_drydown,06-19,8,0.9747499999999999,0.9909205729166667,0.99925,1.371875
413887_prep8,threshold_stress_drydown,06-20,8,0.8806666666666666,0.8916809895833333,0.89875,0.0
413887_prep8,threshold_stress_drydown,06-21,8,0.7810833333333332,0.7915299479166666,0.7984166666666667,0.0
413887_prep8,threshold_stress_drydown,06-22,8,0.6845833333333333,0.6930963541666667,0.6990833333333333,0.0
413887_prep8,threshold_stress_drydown,06-23,8,0.5856666666666667,0.5941432291666666,0.59925,0.0
413887_prep8,threshold_stress_drydown,06-24,8,0.48941666666666667,0.4951783854166667,0.49924999999999997,0.0
413887_prep8,threshold_stress_drydown,06-25,8,0.39158333333333334,0.39599609375,0.3994166666666667,0.0
413887_prep8,threshold_stress_drydown,06-26,8,0.2935,0.2967890625,0.29933333333333334,0.0
413887_prep8,threshold_stress_drydown,06-27,8,0.24391666666666667,0.24725390625,0.24958333333333335,0.0
413887_prep8,threshold_stress_drydown,06-28,8,0.23775000000000002,0.24215104166666668,0.24541666666666664,0.0
413887_prep8,threshold_stress_drydown,06-29,8,1.4521666666666666,1.4760403645833333,1.4952500000000002,2.819875
535358_prep16,field_reference_drydown,06-19,8,0.9684166666666667,0.98849609375,0.9989166666666667,0.272
535358_prep16,field_reference_drydown,06-20,8,0.8634166666666667,0.8868281250000001,0.8998333333333334,0.0
535358_prep16,field_reference_drydown,06-21,8,0.7618333333333333,0.7863111979166667,0.7985833333333333,0.0
535358_prep16,field_reference_drydown,06-22,8,0.6706666666666666,0.6888177083333333,0.6996666666666668,0.0
535358_prep16,field_reference_drydown,06-23,8,0.5709166666666666,0.5896041666666667,0.5979166666666667,0.0
535358_prep16,field_reference_drydown,06-24,8,0.5463333333333333,0.57227734375,0.5900833333333334,0.0
535358_prep16,field_reference_drydown,06-25,8,0.5265833333333333,0.5572005208333334,0.5801666666666666,0.0
535358_prep16,field_reference_drydown,06-26,8,0.5110833333333333,0.5419713541666666,0.572,0.0
535358_prep16,field_reference_drydown,06-27,8,0.4928333333333333,0.52697265625,0.55275,0.0
535358_prep16,field_reference_drydown,06-28,8,0.47675,0.51244921875,0.5381666666666667,0.0
535358_prep16,field_reference_drydown,06-29,8,1.4182499999999998,1.4698072916666667,1.4963333333333333,0.634125
535358_prep16,reproductive_one_time_drain,07-15,8,0.9665833333333333,0.98659765625,0.9989166666666667,0.220625
535358_prep16,reproductive_one_time_drain,07-16,8,0.9359999999999999,0.9660091145833334,0.983,0.016125
535358_prep16,reproductive_one_time_drain,07-17,8,0.9015833333333334,0.9445117187500001,0.9707499999999999,0.00075
535358_prep16,reproductive_one_time_drain,07-18,8,0.8619166666666667,0.91853125,0.95775,0.0
535358_prep16,reproductive_one_time_drain,07-19,8,0.8269166666666666,0.8918346354166666,0.9311666666666666,0.0
535358_prep16,reproductive_one_time_drain,07-20,8,0.7956666666666666,0.8675546875,0.9103333333333333,0.0
535358_prep16,reproductive_one_time_drain,07-21,8,0.7693333333333333,0.84516015625,0.8923333333333333,0.0
535358_prep16,reproductive_one_time_drain,07-22,8,0.7446666666666667,0.8245963541666667,0.8719166666666666,0.0
535358_prep16,reproductive_one_time_drain,07-23,8,0.721,0.8053307291666667,0.8503333333333334,0.0
535358_prep16,reproductive_one_time_drain,07-24,8,0.69775,0.7849856770833333,0.8283333333333333,0.0
535358_prep16,reproductive_one_time_drain,07-25,8,1.44575,1.47215234375,1.494,0.632375
535358_prep16,reproductive_severe_field_drydown,07-15,8,0.9665833333333333,0.98659765625,0.9989166666666667,0.21762499999999999
535358_prep16,reproductive_severe_field_drydown,07-16,8,0.8690000000000001,0.8881380208333334,0.8986666666666667,0.0
535358_prep16,reproductive_severe_field_drydown,07-17,8,0.7690833333333332,0.7880768229166667,0.7989999999999999,0.0
535358_prep16,reproductive_severe_field_drydown,07-18,8,0.6683333333333333,0.6871315104166666,0.6985,0.0
535358_prep16,reproductive_severe_field_drydown,07-19,8,0.5750833333333333,0.58932421875,0.59875,0.0
535358_prep16,reproductive_severe_field_drydown,07-20,8,0.48025,0.4913138020833333,0.49816666666666665,0.0
535358_prep16,reproductive_severe_field_drydown,07-21,8,0.38566666666666666,0.3933333333333333,0.39858333333333335,0.0
535358_prep16,reproductive_severe_field_drydown,07-22,8,0.2886666666666667,0.29517057291666665,0.29958333333333337,0.0
535358_prep16,reproductive_severe_field_drydown,07-23,8,0.24033333333333332,0.2458359375,0.24941666666666665,0.0
535358_prep16,reproductive_severe_field_drydown,07-24,8,0.23066666666666666,0.23832291666666666,0.24350000000000002,0.0
535358_prep16,reproductive_severe_field_drydown,07-25,8,1.44575,1.47215234375,1.494,0.622375
535358_prep16,threshold_stress_drydown,06-19,8,0.9684166666666667,0.98849609375,0.9989166666666667,0.27175
535358_prep16,threshold_stress_drydown,06-20,8,0.8634166666666667,0.8868281250000001,0.8998333333333334,0.0
535358_prep16,threshold_stress_drydown,06-21,8,0.7618333333333333,0.7863111979166667,0.7985833333333333,0.0
535358_prep16,threshold_stress_drydown,06-22,8,0.6706666666666666,0.6888177083333333,0.6996666666666668,0.0
535358_prep16,threshold_stress_drydown,06-23,8,0.5709166666666666,0.5896041666666667,0.5979166666666667,0.0
535358_prep16,threshold_stress_drydown,06-24,8,0.47866666666666663,0.491703125,0.4995833333333333,0.0
535358_prep16,threshold_stress_drydown,06-25,8,0.3858333333333333,0.39385546875,0.40008333333333335,0.0
535358_prep16,threshold_stress_drydown,06-26,8,0.28941666666666666,0.29487760416666664,0.299,0.0
535358_prep16,threshold_stress_drydown,06-27,8,0.24075,0.24551562500000002,0.24916666666666668,0.0
535358_prep16,threshold_stress_drydown,06-28,8,0.23208333333333334,0.23803385416666667,0.24333333333333332,0.0
535358_prep16,threshold_stress_drydown,06-29,8,1.4182499999999998,1.4698072916666667,1.4963333333333333,0.631
535358_prep8,field_reference_drydown,06-19,8,0.9684166666666667,0.98849609375,0.9989166666666667,0.5605
535358_prep8,field_reference_drydown,06-20,8,0.8634166666666667,0.8868281250000001,0.8998333333333334,0.0
535358_prep8,field_reference_drydown,06-21,8,0.7618333333333333,0.7863111979166667,0.7985833333333333,0.0
535358_prep8,field_reference_drydown,06-22,8,0.6706666666666666,0.6888177083333333,0.6996666666666668,0.0
535358_prep8,field_reference_drydown,06-23,8,0.5709166666666666,0.5896041666666667,0.5979166666666667,0.0
535358_prep8,field_reference_drydown,06-24,8,0.5463333333333333,0.57227734375,0.5900833333333334,0.0
535358_prep8,field_reference_drydown,06-25,8,0.5265833333333333,0.5572005208333334,0.5801666666666666,0.0
535358_prep8,field_reference_drydown,06-26,8,0.5110833333333333,0.5419713541666666,0.572,0.0
535358_prep8,field_reference_drydown,06-27,8,0.4928333333333333,0.52697265625,0.55275,0.0
535358_prep8,field_reference_drydown,06-28,8,0.47675,0.51244921875,0.5381666666666667,0.0
535358_prep8,field_reference_drydown,06-29,8,1.4182499999999998,1.4698072916666667,1.4963333333333333,1.304875
535358_prep8,reproductive_one_time_drain,07-15,8,0.9665833333333333,0.98659765625,0.9989166666666667,0.453625
535358_prep8,reproductive_one_time_drain,07-16,8,0.9359999999999999,0.9660091145833334,0.983,0.033125
535358_prep8,reproductive_one_time_drain,07-17,8,0.9015833333333334,0.9445117187500001,0.9707499999999999,0.00275
535358_prep8,reproductive_one_time_drain,07-18,8,0.8619166666666667,0.91853125,0.95775,0.0
535358_prep8,reproductive_one_time_drain,07-19,8,0.8269166666666666,0.8918346354166666,0.9311666666666666,0.0
535358_prep8,reproductive_one_time_drain,07-20,8,0.7956666666666666,0.8675546875,0.9103333333333333,0.0
535358_prep8,reproductive_one_time_drain,07-21,8,0.7693333333333333,0.84516015625,0.8923333333333333,0.0
535358_prep8,reproductive_one_time_drain,07-22,8,0.7446666666666667,0.8245963541666667,0.8719166666666666,0.0
535358_prep8,reproductive_one_time_drain,07-23,8,0.721,0.8053307291666667,0.8503333333333334,0.0
535358_prep8,reproductive_one_time_drain,07-24,8,0.69775,0.7849856770833333,0.8283333333333333,0.0
535358_prep8,reproductive_one_time_drain,07-25,8,1.44575,1.47215234375,1.494,1.302875
535358_prep8,reproductive_severe_field_drydown,07-15,8,0.9665833333333333,0.98659765625,0.9989166666666667,0.44787499999999997
535358_prep8,reproductive_severe_field_drydown,07-16,8,0.8690000000000001,0.8881380208333334,0.8986666666666667,0.0
535358_prep8,reproductive_severe_field_drydown,07-17,8,0.7690833333333332,0.7880768229166667,0.7989999999999999,0.0
535358_prep8,reproductive_severe_field_drydown,07-18,8,0.6683333333333333,0.6871315104166666,0.6985,0.0
535358_prep8,reproductive_severe_field_drydown,07-19,8,0.5750833333333333,0.58932421875,0.59875,0.0
535358_prep8,reproductive_severe_field_drydown,07-20,8,0.48025,0.4913138020833333,0.49816666666666665,0.0
535358_prep8,reproductive_severe_field_drydown,07-21,8,0.38566666666666666,0.3933333333333333,0.39858333333333335,0.0
535358_prep8,reproductive_severe_field_drydown,07-22,8,0.2886666666666667,0.29517057291666665,0.29958333333333337,0.0
535358_prep8,reproductive_severe_field_drydown,07-23,8,0.24033333333333332,0.2458359375,0.24941666666666665,0.0
535358_prep8,reproductive_severe_field_drydown,07-24,8,0.23066666666666666,0.23832291666666666,0.24350000000000002,0.0
535358_prep8,reproductive_severe_field_drydown,07-25,8,1.44575,1.47215234375,1.494,1.28325
535358_prep8,threshold_stress_drydown,06-19,8,0.9684166666666667,0.98849609375,0.9989166666666667,0.559375
535358_prep8,threshold_stress_drydown,06-20,8,0.8634166666666667,0.8868281250000001,0.8998333333333334,0.0
535358_prep8,threshold_stress_drydown,06-21,8,0.7618333333333333,0.7863111979166667,0.7985833333333333,0.0
535358_prep8,threshold_stress_drydown,06-22,8,0.6706666666666666,0.6888177083333333,0.6996666666666668,0.0
535358_prep8,threshold_stress_drydown,06-23,8,0.5709166666666666,0.5896041666666667,0.5979166666666667,0.0
535358_prep8,threshold_stress_drydown,06-24,8,0.47866666666666663,0.491703125,0.4995833333333333,0.0
535358_prep8,threshold_stress_drydown,06-25,8,0.3858333333333333,0.39385546875,0.40008333333333335,0.0
535358_prep8,threshold_stress_drydown,06-26,8,0.28941666666666666,0.29487760416666664,0.299,0.0
535358_prep8,threshold_stress_drydown,06-27,8,0.24075,0.24551562500000002,0.24916666666666668,0.0
535358_prep8,threshold_stress_drydown,06-28,8,0.23208333333333334,0.23803385416666667,0.24333333333333332,0.0
535358_prep8,threshold_stress_drydown,06-29,8,1.4182499999999998,1.4698072916666667,1.4963333333333333,1.3006250000000001
