task,scenario,site_id,prep_years,water_intervention,drydown_start,drydown_end,reflood_date,soil_whc_cm,f_anoxia,anaerobic_transition_exponent,minimum_treatment_water_ratio,years_reaching_f_anoxia,minimum_days_at_or_below_f_anoxia_per_year,maximum_days_at_or_below_f_anoxia_per_year,minimum_reflood_water_ratio,evaluation_days,timesteps_per_day,rows_per_scenario,time_support_identical,initial_pre_treatment_rows_identical,seasonal_ch4_baseline_kg_C_ha,seasonal_ch4_treatment_kg_C_ha,seasonal_ch4_ratio,drydown_ch4_baseline_kg_C_ha,drydown_ch4_treatment_kg_C_ha,drydown_ch4_ratio,total_external_water_removed_cm,total_external_reflood_water_added_cm,maximum_single_external_water_removal_cm
413887_prep8,field_reference_drydown,413887,8,prescribed_trajectory,06-19,06-28,06-29,12.0,0.286236668022783,99.98298,0.5275833333333334,0,0,0,1.4521666666666666,2922,8,23376,True,True,2626.36,2385.437,0.9082673357803195,229.084,10.998,0.04800859073527614,135.58925838601326,84.54911851440315,14.154108997712243
413887_prep8,threshold_stress_drydown,413887,8,prescribed_trajectory,06-19,06-28,06-29,12.0,0.286236668022783,99.98298,0.23775000000000002,8,2,2,1.4521666666666666,2922,8,23376,True,True,2626.36,2379.027,0.9058266955025206,229.084,10.975,0.047908190881947234,166.10211145842882,112.97647863644882,14.154108997712243
413887_prep8,reproductive_severe_field_drydown,413887,8,prescribed_trajectory,07-15,07-24,07-25,12.0,0.286236668022783,99.98298,0.23991666666666667,8,2,2,1.4580833333333334,2922,8,23376,True,True,2626.36,2379.081,0.9058472562786518,231.46699999999998,11.004999999999999,0.04754457438857375,177.20940731047034,112.86771306082392,14.418397495933455
413887_prep8,reproductive_one_time_drain,413887,8,initial_drain_only,07-15,07-24,07-25,12.0,0.286236668022783,99.98298,0.838,0,0,0,1.4580833333333334,2922,8,23376,True,True,2626.36,2405.894,0.9160564431380313,231.46699999999998,12.849,0.05551115277771778,113.3805558457782,53.59375571658388,14.418397495933455
413887_prep16,field_reference_drydown,413887,16,prescribed_trajectory,06-19,06-28,06-29,12.0,0.286236668022783,99.98298,0.5275833333333334,0,0,0,1.4521666666666666,2922,8,23376,True,True,1490.798,1353.926,0.9081887686997164,130.037,6.24,0.047986342348716134,135.58925838601326,84.54911851440315,14.154108997712243
413887_prep16,threshold_stress_drydown,413887,16,prescribed_trajectory,06-19,06-28,06-29,12.0,0.286236668022783,99.98298,0.23775000000000002,8,2,2,1.4521666666666666,2922,8,23376,True,True,1490.798,1350.224,0.9057055348880264,130.037,6.226,0.047878680683190164,166.10211145842882,112.97647863644882,14.154108997712243
413887_prep16,reproductive_severe_field_drydown,413887,16,prescribed_trajectory,07-15,07-24,07-25,12.0,0.286236668022783,99.98298,0.23991666666666667,8,2,2,1.4580833333333334,2922,8,23376,True,True,1490.798,1350.267,0.905734378500642,131.388,6.2490000000000006,0.04756142113435017,177.20940731047034,112.86771306082392,14.418397495933455
413887_prep16,reproductive_one_time_drain,413887,16,initial_drain_only,07-15,07-24,07-25,12.0,0.286236668022783,99.98298,0.838,0,0,0,1.4580833333333334,2922,8,23376,True,True,1490.798,1365.639,0.9160456346198478,131.388,7.288,0.05546929704387006,113.3805558457782,53.59375571658388,14.418397495933455
535358_prep8,field_reference_drydown,535358,8,prescribed_trajectory,06-19,06-28,06-29,12.0,0.286236668022783,99.98298,0.47675,0,0,0,1.4182499999999998,2922,8,23376,True,True,1130.43,1013.638,0.8966835628919968,106.765,4.484,0.04199878237250035,124.51445877769905,87.35881211074043,14.233082236317603
535358_prep8,threshold_stress_drydown,535358,8,prescribed_trajectory,06-19,06-28,06-29,12.0,0.286236668022783,99.98298,0.23208333333333334,8,2,2,1.4182499999999998,2922,8,23376,True,True,1130.43,1010.227,0.893666127048999,106.765,4.475,0.041914485084063126,153.1662366103193,113.44741056597972,14.233082236317603
535358_prep8,reproductive_severe_field_drydown,535358,8,prescribed_trajectory,07-15,07-24,07-25,12.0,0.286236668022783,99.98298,0.23066666666666666,8,2,2,1.44575,2922,8,23376,True,True,1130.43,1011.241,0.8945631308440151,106.513,3.5829999999999997,0.033639086308713484,159.35594273850788,113.42321824457618,14.010019298004963
535358_prep8,reproductive_one_time_drain,535358,8,initial_drain_only,07-15,07-24,07-25,12.0,0.286236668022783,99.98298,0.69775,0,0,0,1.44575,2922,8,23376,True,True,1130.43,1025.062,0.9067894518015267,106.513,3.916,0.03676546524837344,100.50384531131859,61.433814227582566,14.010019298004963
535358_prep16,field_reference_drydown,535358,16,prescribed_trajectory,06-19,06-28,06-29,12.0,0.286236668022783,99.98298,0.47675,0,0,0,1.4182499999999998,2922,8,23376,True,True,548.544,491.842,0.8966318107572046,51.812,2.176,0.04199799274299391,124.51445877769905,87.35881211074043,14.233082236317603
535358_prep16,threshold_stress_drydown,535358,16,prescribed_trajectory,06-19,06-28,06-29,12.0,0.286236668022783,99.98298,0.23208333333333334,8,2,2,1.4182499999999998,2922,8,23376,True,True,548.544,490.147,0.893541812507292,51.812,2.174,0.041959391646722764,153.1662366103193,113.44741056597972,14.233082236317603
535358_prep16,reproductive_severe_field_drydown,535358,16,prescribed_trajectory,07-15,07-24,07-25,12.0,0.286236668022783,99.98298,0.23066666666666666,8,2,2,1.44575,2922,8,23376,True,True,548.544,490.647,0.8944533164158208,51.69,1.7409999999999999,0.03368156316502225,159.35594273850788,113.42321824457618,14.010019298004963
535358_prep16,reproductive_one_time_drain,535358,16,initial_drain_only,07-15,07-24,07-25,12.0,0.286236668022783,99.98298,0.69775,0,0,0,1.44575,2922,8,23376,True,True,548.544,497.438,0.9068333625014584,51.69,1.9,0.036757593344941,100.50384531131859,61.433814227582566,14.010019298004963
