initial_water_ratio,f_anoxia,anaerobic_transition_exponent,expected_moisture_multiplier,first_timestep_ch4_g_C_m2,observed_ch4_fraction_of_saturated
1.1,0.286236668022783,99.98298,1.0,0.0196,1.0
1.0,0.286236668022783,99.98298,1.0,0.0196,1.0
0.99,0.286236668022783,99.98298,0.24397452380096862,0.0048,0.24489795918367346
0.95,0.286236668022783,99.98298,0.0007021650645330791,0.0,0.0
0.9,0.286236668022783,99.98298,2.7911699104559157e-07,0.0,0.0
0.75,0.286236668022783,99.98298,1.8941072402166447e-19,0.0,0.0
0.5,0.286236668022783,99.98298,4.43414338321054e-53,0.0,0.0
0.286236668022783,0.286236668022783,99.98298,0.0,0.0,0.0
0.2,0.286236668022783,99.98298,0.0,0.0,0.0
