site_id,system,prep_years,variant,soil_C_difference_Mg_ha,soil_C_difference_per_year,soil_C_RR,seasonal_ch4_baseline_kg_C_ha,seasonal_ch4_practice_kg_C_ha,seasonal_ch4_RR,no_change_verified,common_initial_state,common_non_treatment_inputs
14,annual,8,baseline,0.0,0.0,1.0,0.0,0.0,,True,True,True
14,annual,8,no_change,0.0,0.0,1.0,0.0,0.0,,True,True,True
14,annual,8,cover,0.02920000000000073,0.003650000000000091,1.0021101620199744,0.0,0.0,,True,True,True
14,annual,16,baseline,0.0,0.0,1.0,0.0,0.0,,True,True,True
14,annual,16,no_change,0.0,0.0,1.0,0.0,0.0,,True,True,True
14,annual,16,cover,0.03259999999999991,0.004074999999999988,1.0049427640057615,0.0,0.0,,True,True,True
54800,annual,8,baseline,0.0,0.0,1.0,0.0,0.0,,True,True,True
54800,annual,8,no_change,0.0,0.0,1.0,0.0,0.0,,True,True,True
54800,annual,8,cover,0.03539999999999964,0.004424999999999955,1.001506075354821,0.0,0.0,,True,True,True
54800,annual,16,baseline,0.0,0.0,1.0,0.0,0.0,,True,True,True
54800,annual,16,no_change,0.0,0.0,1.0,0.0,0.0,,True,True,True
54800,annual,16,cover,0.040299999999999725,0.005037499999999966,1.0037728783410569,0.0,0.0,,True,True,True
413887,rice,8,baseline,0.0,0.0,1.0,2626.3600000000138,2626.3600000000138,1.0,True,True,True
413887,rice,8,no_change,0.0,0.0,1.0,2626.3600000000138,2626.3600000000138,1.0,True,True,True
413887,rice,8,one_interruption,-0.0007000000000061846,-8.750000000077308e-05,0.9999841358694789,2626.3600000000138,2626.3480000000145,0.9999954309386377,True,True,True
413887,rice,8,two_interruptions,-0.004900000000006912,-0.000612500000000864,0.9998889510863528,2626.3600000000138,2626.2510000000166,0.9999584976926251,True,True,True
413887,rice,16,baseline,0.0,0.0,1.0,1490.7980000000016,1490.7980000000016,1.0,True,True,True
413887,rice,16,no_change,0.0,0.0,1.0,1490.7980000000016,1490.7980000000016,1.0,True,True,True
413887,rice,16,one_interruption,-0.0003999999999996362,-4.999999999995453e-05,0.999984069964715,1490.7980000000016,1490.7890000000011,0.9999939629648011,True,True,True
413887,rice,16,two_interruptions,-0.0028999999999996364,-0.00036249999999995455,0.9998845072441835,1490.7980000000016,1490.7440000000008,0.9999637777888079,True,True,True
535358,rice,8,baseline,0.0,0.0,1.0,1130.4300000000055,1130.4300000000055,1.0,True,True,True
535358,rice,8,no_change,0.0,0.0,1.0,1130.4300000000055,1130.4300000000055,1.0,True,True,True
535358,rice,8,one_interruption,-0.0014000000000010005,-0.00017500000000012506,0.9998894600121593,1130.4300000000055,1130.3570000000057,0.999935422803712,True,True,True
535358,rice,8,two_interruptions,-0.008900000000001,-0.001112500000000125,0.9992972815058704,1130.4300000000055,1128.4090000000065,0.9982121847438594,True,True,True
535358,rice,16,baseline,0.0,0.0,1.0,548.5439999999974,548.5439999999974,1.0,True,True,True
535358,rice,16,no_change,0.0,0.0,1.0,548.5439999999974,548.5439999999974,1.0,True,True,True
535358,rice,16,one_interruption,-0.0006999999999993633,-8.749999999992042e-05,0.9998863008803561,548.5439999999974,548.5219999999974,0.9999598938280249,True,True,True
535358,rice,16,two_interruptions,-0.004399999999999409,-0.0005499999999999261,0.999285319819381,548.5439999999974,547.5479999999976,0.9981842842142111,True,True,True
