site_id,system,prep_years,variant,rows,days,soil_C_end_Mg_ha,annual_mean_gpp_g_C_m2,maximum_leaf_area_index,bare_period_gpp_g_C_m2,bare_period_max_leaf_C_g_m2,bare_period_max_fine_root_C_g_m2,min_water_ratio_interruption,proportion_season_days_below_saturation,state_sha256,output_sha256
14,annual,8,baseline,23376,2922,13.8378,5.116375000000042,0.0625,0.0,0.0,0.0,,,4237c565c6ffe55fb54732fb66abcb872c8f5d6f5250a350c1f36005d709c8da,596e3273e1c666e36f0e834cad3b0bca74e15c87e3d3bd28bce72ea7ec95f27f
14,annual,8,no_change,23376,2922,13.8378,5.116375000000042,0.0625,0.0,0.0,0.0,,,4237c565c6ffe55fb54732fb66abcb872c8f5d6f5250a350c1f36005d709c8da,596e3273e1c666e36f0e834cad3b0bca74e15c87e3d3bd28bce72ea7ec95f27f
14,annual,8,cover,23376,2922,13.867,6.108250000000154,0.0625,0.0,0.0,0.0,,,4237c565c6ffe55fb54732fb66abcb872c8f5d6f5250a350c1f36005d709c8da,72ac5a7cff8763cc252fd621e332f17ceef2e19276fca123e273e2bee91cf958
14,annual,16,baseline,23376,2922,6.5954999999999995,5.116375000000042,0.0625,0.0,0.0,0.0,,,dd642e4c42dc6b881e9fcd916d1fe49f266b6645a65968cc5298c71fe8bfa144,3b7383f6310bcd7beb699287a876c0dede1605da7aad34c72be8d2a3f41c3325
14,annual,16,no_change,23376,2922,6.5954999999999995,5.116375000000042,0.0625,0.0,0.0,0.0,,,dd642e4c42dc6b881e9fcd916d1fe49f266b6645a65968cc5298c71fe8bfa144,3b7383f6310bcd7beb699287a876c0dede1605da7aad34c72be8d2a3f41c3325
14,annual,16,cover,23376,2922,6.6281,6.108250000000154,0.0625,0.0,0.0,0.0,,,dd642e4c42dc6b881e9fcd916d1fe49f266b6645a65968cc5298c71fe8bfa144,c5eda42c31f54a20ab8cfcddad9c4962f09934fd93bca0d0a2f5f66b3e2e6c10
54800,annual,8,baseline,23376,2922,23.5048,9.170500000000162,0.0821,0.0,0.0,0.0,,,5e5ada3ab31710d24f53bed38e4842a15ed209c606bb209c38bccea31aa69713,4ff6fba94f113a769e95b11caddf2ecade1fd9448a6385bab0c2db7aec87d200
54800,annual,8,no_change,23376,2922,23.5048,9.170500000000162,0.0821,0.0,0.0,0.0,,,5e5ada3ab31710d24f53bed38e4842a15ed209c606bb209c38bccea31aa69713,4ff6fba94f113a769e95b11caddf2ecade1fd9448a6385bab0c2db7aec87d200
54800,annual,8,cover,23376,2922,23.5402,10.476000000000203,0.0821,0.0,0.0,0.0,,,5e5ada3ab31710d24f53bed38e4842a15ed209c606bb209c38bccea31aa69713,6b053633a6262cac7ef084b22acdb0e27b1945f38328422276aa50f8343456b1
54800,annual,16,baseline,23376,2922,10.681500000000002,9.170500000000162,0.0821,0.0,0.0,0.0,,,72cf619c848c6b4d9e7a347930dd06e4921023d56e82cf47bff5c116218ab846,5c9013a106eb3882200419dd83e2378c814ff90dcb4c11f01ef30739ebdd74d5
54800,annual,16,no_change,23376,2922,10.681500000000002,9.170500000000162,0.0821,0.0,0.0,0.0,,,72cf619c848c6b4d9e7a347930dd06e4921023d56e82cf47bff5c116218ab846,5c9013a106eb3882200419dd83e2378c814ff90dcb4c11f01ef30739ebdd74d5
54800,annual,16,cover,23376,2922,10.7218,10.476000000000203,0.0821,0.0,0.0,0.0,,,72cf619c848c6b4d9e7a347930dd06e4921023d56e82cf47bff5c116218ab846,885ea5593c2dbe2654352d064086edaae8fac8e9fefd30fba6af354d4ff12baf
413887,rice,8,baseline,23376,2922,44.124700000000004,11.269500000000223,0.1057,0.0,0.0,0.0,1.9348333333333334,0.0,fdc31bf4bbb95ceff8b01cb53572aa8e289340ce710ce80753d8ec1573d5b198,c5042a233f8cf2fd7929bd31eb99bf311a2089bdb747f9b5aa4806cc19a69202
413887,rice,8,no_change,23376,2922,44.124700000000004,11.269500000000223,0.1057,0.0,0.0,0.0,1.9348333333333334,0.0,fdc31bf4bbb95ceff8b01cb53572aa8e289340ce710ce80753d8ec1573d5b198,c5042a233f8cf2fd7929bd31eb99bf311a2089bdb747f9b5aa4806cc19a69202
413887,rice,8,one_interruption,23376,2922,44.123999999999995,11.269500000000223,0.1057,0.0,0.0,0.0,1.27875,0.0,fdc31bf4bbb95ceff8b01cb53572aa8e289340ce710ce80753d8ec1573d5b198,0ec81ce269decd57e1e0304dc25898fbfb5d760a67c085a939f571ed21671514
413887,rice,8,two_interruptions,23376,2922,44.1198,11.269500000000223,0.1057,0.0,0.0,0.0,1.2154166666666668,0.0,fdc31bf4bbb95ceff8b01cb53572aa8e289340ce710ce80753d8ec1573d5b198,4086afc21972ed0a0a121c58462822144a62cb2d59ca08cf434c97f99af34f46
413887,rice,16,baseline,23376,2922,25.1098,11.269500000000223,0.1057,0.0,0.0,0.0,1.9348333333333334,0.0,1668550df168b177e701ddc9f59e6b06fd0ac0a00132a8192bd7d1394e67cda2,1c14d65081c6a6b39e48ae3e1caa848382cb50473cdaf5d6aab45ca6e09f147d
413887,rice,16,no_change,23376,2922,25.1098,11.269500000000223,0.1057,0.0,0.0,0.0,1.9348333333333334,0.0,1668550df168b177e701ddc9f59e6b06fd0ac0a00132a8192bd7d1394e67cda2,1c14d65081c6a6b39e48ae3e1caa848382cb50473cdaf5d6aab45ca6e09f147d
413887,rice,16,one_interruption,23376,2922,25.1094,11.269500000000223,0.1057,0.0,0.0,0.0,1.27875,0.0,1668550df168b177e701ddc9f59e6b06fd0ac0a00132a8192bd7d1394e67cda2,e274dc8b2c1695af5fe0841502a06d1dfd453e202dfe3e9bbb42585f3d457dad
413887,rice,16,two_interruptions,23376,2922,25.1069,11.269500000000223,0.1057,0.0,0.0,0.0,1.2154166666666668,0.0,1668550df168b177e701ddc9f59e6b06fd0ac0a00132a8192bd7d1394e67cda2,942cdfa7d6d6062e53c132c6702a58ce6d3659bea67ac8cf55d5ac4402c46495
535358,rice,8,baseline,23376,2922,12.6651,3.0316250000000156,0.046,0.0,0.0,0.0,1.7831666666666666,0.004201680672268907,92db4d70d2fe00a6a8b0b0d9bcade73c459ef13d175ce959d291175742af5909,e8cddbd8094a262ba9d3c9d72dc1d3b9d7a6775c1f5e04b5394fc1ff57d58ba9
535358,rice,8,no_change,23376,2922,12.6651,3.0316250000000156,0.046,0.0,0.0,0.0,1.7831666666666666,0.004201680672268907,92db4d70d2fe00a6a8b0b0d9bcade73c459ef13d175ce959d291175742af5909,e8cddbd8094a262ba9d3c9d72dc1d3b9d7a6775c1f5e04b5394fc1ff57d58ba9
535358,rice,8,one_interruption,23376,2922,12.663699999999999,3.0316250000000156,0.046,0.0,0.0,0.0,1.0485,0.004201680672268907,92db4d70d2fe00a6a8b0b0d9bcade73c459ef13d175ce959d291175742af5909,ec2666027202b1598842d8591d0c8f6c8f332320a92b4d44c059827066c488fb
535358,rice,8,two_interruptions,23376,2922,12.656199999999998,3.0316250000000156,0.046,0.0,0.0,0.0,0.9605833333333332,0.0063025210084033615,92db4d70d2fe00a6a8b0b0d9bcade73c459ef13d175ce959d291175742af5909,15eea6b392967203845b164046951956260d071b48b32857e23aadd7665ee14a
535358,rice,16,baseline,23376,2922,6.1566,3.0316250000000156,0.046,0.0,0.0,0.0,1.7831666666666666,0.004201680672268907,4361cd4ab4cf703053fe004bbf30dc7ac9470cb90c6802eda262a2198b4b86f8,c6c3c1800cf7ca606a15b9d84699d24886868ca85f88a1883ee61a3511b356b1
535358,rice,16,no_change,23376,2922,6.1566,3.0316250000000156,0.046,0.0,0.0,0.0,1.7831666666666666,0.004201680672268907,4361cd4ab4cf703053fe004bbf30dc7ac9470cb90c6802eda262a2198b4b86f8,c6c3c1800cf7ca606a15b9d84699d24886868ca85f88a1883ee61a3511b356b1
535358,rice,16,one_interruption,23376,2922,6.155900000000001,3.0316250000000156,0.046,0.0,0.0,0.0,1.0485,0.004201680672268907,4361cd4ab4cf703053fe004bbf30dc7ac9470cb90c6802eda262a2198b4b86f8,2789f3061de050ebfce946a6391281e9e5cffecfdeb9a8efc381e5c2e7a2f45a
535358,rice,16,two_interruptions,23376,2922,6.152200000000001,3.0316250000000156,0.046,0.0,0.0,0.0,0.9605833333333332,0.0063025210084033615,4361cd4ab4cf703053fe004bbf30dc7ac9470cb90c6802eda262a2198b4b86f8,61a69295f5b1002d43a1c222d60193ab3a7d6e25fddbe91b2a924b745522431f
