"pair_id","treatment","reference","metric","target_cell","target_subclass","target_use","target_center","target_spread","target_spread_type","target_units","model_effect","model_median","model_sd_across_sites","model_n_sites","model_frac_positive","model_frac_exact_zero","model_effect_soil_plus_litter","model_effect_per_window_yr","model_direction","z_vs_target_spread","z_vs_model_spread","status","structural_flags","comparison","is_ratio","display_model","display_evidence","display_units"
"cover_soc","cover_annual","cover_none","dd_soc_per_cover_yr","+Cover Crops x Soil C","","likelihood",0.32,0.74,"sd","Mg C ha-1 yr-1",0.132431093406594,0.040975,0.613148399808199,65,0.969230769230769,0,NA,0.0518986538461539,"increase",-0.253471495396495,-0.305911108390857,"scored","","Cover crop / no cover crop",FALSE,0.132431093406594,0.32,"Mg soil + litter C/ha/cover year"
"till_reduced_soc","tillage_reduced","tillage_reference","dd_soc_per_window_yr","Reduced tillage x Soil C","","likelihood",0.2162,0.4478,"sd","Mg C ha-1 yr-1",0.118228282828283,0.0781624999999995,0.129974943591792,99,1,0,NA,NA,"increase",-0.218784540356671,-0.75377387721293,"scored","","Reduced / conventional tillage",FALSE,0.118228282828283,0.2162,"Mg soil + litter C/ha/simulation year"
"till_zero_soc","tillage_zero","tillage_reference","dd_soc_per_window_yr","Reduced tillage x Soil C","","likelihood",0.2162,0.4478,"sd","Mg C ha-1 yr-1",0.14614154040404,0.101775,0.153742579585207,99,1,0,NA,NA,"increase",-0.15645033406869,-0.455686770606916,"scored","","No tillage / conventional tillage",FALSE,0.14614154040404,0.2162,"Mg soil + litter C/ha/simulation year"
"org_sub","organic_substitution","fertilizer_reference","soil_lrr_end","+Non-crop C x Soil C","","likelihood",0.23823,0.002814,"se","LRR (dimensionless)",0.0614379395938714,0.0538926152942211,0.0445152570617822,99,1,0,0.185068713947685,NA,"increase",-62.8258921130521,-3.97149364229799,"scored","target is Mediterranean olive-orchard amendment (partial comparability); arm inherits the amendment-partition overshoot (sipnet 396)","Organic substitution / fertilizer baseline",TRUE,1.06336450164815,1.26900102949919,"Response ratio"
"rice_one_ch4","rice_one_dry","rice_irrigated_reference","lrr_ch4_season","Flooding / rice x CH4","1 drying event","likelihood",-0.39899,0.13974,"se","LRR (dimensionless)",-0.000136127969327066,0,0.000471400996042688,12,0.0833333333333333,0.75,NA,NA,"decrease",2.85425699177525,846.103159261365,"structural_no_response","requires soil_rice methane medians (staged); anaerobic_trans_exp at the common soil value 99.98 per config (no rice split); A is clipped at saturation so the exponent cannot rescue the contrast","One irrigation interruption / flooded baseline",TRUE,0.999863881295665,0.670997411294009,"Response ratio"
"rice_two_ch4","rice_two_dry","rice_irrigated_reference","lrr_ch4_season","Flooding / rice x CH4","2 drying events","likelihood",-0.62549,0.17007,"se","LRR (dimensionless)",-3.6796660955788e-05,0,0.000128729208576894,12,0.166666666666667,0.666666666666667,NA,NA,"decrease",3.67762217521635,4858.67356952979,"structural_no_response","same; target row is the Jiang single drying-event class (source_id dry1), but this arm has two drying events -- the two-event class is -0.6255 se 0.170 and the target table is keyed practice x outcome so it cannot carry both","Two interruptions / flooded baseline",TRUE,0.999963204016033,0.534999214666656,"Response ratio"
"till_zero_n2o","tillage_zero","tillage_reference","lrr_n2o_till","Reduced tillage x N2O","","likelihood",0.322,0.124,"se","LRR (dimensionless)",-0.0239023016680533,-0.0229285570371213,0.0101862922935068,99,0,0,NA,NA,"decrease",-2.7895346908714,-33.9576257681656,"scored","sipnet tillage is an Rh multiplier only; no compaction/pore-space mechanism; representative run showed near-zero response vs target +0.322; absolute N2O magnitude at modesto was high in representative runs (diagnostic only, assessed from the full matrix)","No tillage: modeled N2O-N",TRUE,0.976381095902714,1.37988477595725,"Response ratio"
"rice_one_n2o","rice_one_dry","rice_irrigated_reference","lrr_n2o_season","Flooding / rice x N2O","","sign_check",0.718,0.707,"assumed log-scale sensitivity spread","LRR (dimensionless)",0.0116892811376855,0.0115698973493497,0.00301036625033687,12,1,0,NA,NA,"increase",-0.999025062040049,-234.626175065335,"scored","representative-run N2O magnitude diagnostic applies (assessed from the full matrix)","One interruption: modeled N2O-N",TRUE,1.01175786776671,2.05032845035115,"Response ratio"
"rice_two_n2o","rice_two_dry","rice_irrigated_reference","lrr_n2o_season","Flooding / rice x N2O","","sign_check",0.718,0.707,"assumed log-scale sensitivity spread","LRR (dimensionless)",0.0190985711268562,0.018980842929293,0.00356538750989914,12,1,0,NA,NA,"increase",-0.988545161065267,-196.023974093328,"scored","same","Two interruptions: modeled N2O-N",TRUE,1.01928211545247,2.05032845035115,"Response ratio"
"minN_dEFdN_N_fixing_crops",NA,NA,"ef_slope","+/- N Fertilization x N2O","N fixing crops","likelihood",0.0181,0.00497,"se","percentage points of EF per kg N ha-1",1.1163010462369e-06,6.60203139462841e-07,1.72933418667414e-06,3,NA,NA,NA,NA,NA,-3.64162649878345,NA,"scored","N2O is first order in the mineral N pool, so the emission factor is constant in N rate","Fertilizer response: N-fixing crops",FALSE,1.1163010462369e-06,0.0181,"percentage points of EF per kg N ha-1"
"minN_dEFdN_non_N_fixing_crops",NA,NA,"ef_slope","+/- N Fertilization x N2O","non N fixing crops","likelihood",0.0018,0.00048,"se","percentage points of EF per kg N ha-1",2.91836591285411e-06,2.35930386892855e-07,1.48467268856532e-05,96,NA,NA,NA,NA,NA,-3.74392007101489,NA,"scored","N2O is first order in the mineral N pool, so the emission factor is constant in N rate","Fertilizer response: other crops",FALSE,2.91836591285411e-06,0.0018,"percentage points of EF per kg N ha-1"
"minN_EF_level",NA,NA,"ef_level","+/- N Fertilization x N2O","EF level, Mediterranean","likelihood",0.5,0.06122,"se","percent of N applied",3.56568350442587,3.30618696186962,1.82183283461159,99,NA,NA,NA,NA,NA,NA,NA,"proxy_upper_bound","model side is total mineral N volatilization, an upper bound on the measured emission factor","Fertilizer-induced N2O-N / N applied",FALSE,3.56568350442587,0.5,"percent of N applied"
