"site_id","panel","label","value"
328163,"Carbon difference / reported denominator (Mg C/ha/year)","Cover crop / no cover crop; per cover year",0.00610000000000355
565118,"Carbon difference / reported denominator (Mg C/ha/year)","Cover crop / no cover crop; per cover year",0.148474999999999
522375,"Carbon difference / reported denominator (Mg C/ha/year)","Cover crop / no cover crop; per cover year",0.129199999999997
205678,"Carbon difference / reported denominator (Mg C/ha/year)","Cover crop / no cover crop; per cover year",0.0999999999999996
592578,"Carbon difference / reported denominator (Mg C/ha/year)","Cover crop / no cover crop; per cover year",0.1138625
557284,"Carbon difference / reported denominator (Mg C/ha/year)","Cover crop / no cover crop; per cover year",0.00319999999999965
413887,"Carbon difference / reported denominator (Mg C/ha/year)","Cover crop / no cover crop; per cover year",0.14085
440393,"Carbon difference / reported denominator (Mg C/ha/year)","Cover crop / no cover crop; per cover year",0.0629000000000001
420343,"Carbon difference / reported denominator (Mg C/ha/year)","Cover crop / no cover crop; per cover year",0.0324142857142858
132390,"Carbon difference / reported denominator (Mg C/ha/year)","Cover crop / no cover crop; per cover year",0.0636428571428575
52519,"Carbon difference / reported denominator (Mg C/ha/year)","Cover crop / no cover crop; per cover year",0.0233875000000019
332581,"Carbon difference / reported denominator (Mg C/ha/year)","Cover crop / no cover crop; per cover year",0.0513666666666666
296871,"Carbon difference / reported denominator (Mg C/ha/year)","Cover crop / no cover crop; per cover year",0.0400666666666668
488132,"Carbon difference / reported denominator (Mg C/ha/year)","Cover crop / no cover crop; per cover year",0.0236499999999999
589918,"Carbon difference / reported denominator (Mg C/ha/year)","Cover crop / no cover crop; per cover year",0.0417999999999997
535358,"Carbon difference / reported denominator (Mg C/ha/year)","Cover crop / no cover crop; per cover year",0.0785625000000003
321992,"Carbon difference / reported denominator (Mg C/ha/year)","Cover crop / no cover crop; per cover year",0.0358000000000001
589581,"Carbon difference / reported denominator (Mg C/ha/year)","Cover crop / no cover crop; per cover year",0.0902000000000029
590073,"Carbon difference / reported denominator (Mg C/ha/year)","Cover crop / no cover crop; per cover year",0.0814857142857142
14,"Carbon difference / reported denominator (Mg C/ha/year)","Cover crop / no cover crop; per cover year",0.0831499999999998
96038,"Carbon difference / reported denominator (Mg C/ha/year)","Cover crop / no cover crop; per cover year",1.315425
155097,"Carbon difference / reported denominator (Mg C/ha/year)","Cover crop / no cover crop; per cover year",0.0589875000000006
32528,"Carbon difference / reported denominator (Mg C/ha/year)","Cover crop / no cover crop; per cover year",0.0290333333333332
469135,"Carbon difference / reported denominator (Mg C/ha/year)","Cover crop / no cover crop; per cover year",0.0380000000000003
472163,"Carbon difference / reported denominator (Mg C/ha/year)","Cover crop / no cover crop; per cover year",0.0144500000000001
329357,"Carbon difference / reported denominator (Mg C/ha/year)","Cover crop / no cover crop; per cover year",0.0262
362135,"Carbon difference / reported denominator (Mg C/ha/year)","Cover crop / no cover crop; per cover year",0.00819999999999936
594379,"Carbon difference / reported denominator (Mg C/ha/year)","Cover crop / no cover crop; per cover year",-0.00914999999999999
429989,"Carbon difference / reported denominator (Mg C/ha/year)","Cover crop / no cover crop; per cover year",0.0329500000000002
102480,"Carbon difference / reported denominator (Mg C/ha/year)","Cover crop / no cover crop; per cover year",0.0476833333333329
28809,"Carbon difference / reported denominator (Mg C/ha/year)","Cover crop / no cover crop; per cover year",0.02705
330822,"Carbon difference / reported denominator (Mg C/ha/year)","Cover crop / no cover crop; per cover year",0.0737833333333337
284301,"Carbon difference / reported denominator (Mg C/ha/year)","Cover crop / no cover crop; per cover year",0.00480000000000302
244878,"Carbon difference / reported denominator (Mg C/ha/year)","Cover crop / no cover crop; per cover year",-0.698549999999997
405606,"Carbon difference / reported denominator (Mg C/ha/year)","Cover crop / no cover crop; per cover year",0.0114142857142855
118038,"Carbon difference / reported denominator (Mg C/ha/year)","Cover crop / no cover crop; per cover year",0.0516833333333331
597240,"Carbon difference / reported denominator (Mg C/ha/year)","Cover crop / no cover crop; per cover year",0.0381399999999999
293793,"Carbon difference / reported denominator (Mg C/ha/year)","Cover crop / no cover crop; per cover year",0.0531199999999998
153154,"Carbon difference / reported denominator (Mg C/ha/year)","Cover crop / no cover crop; per cover year",0.0587666666666683
302976,"Carbon difference / reported denominator (Mg C/ha/year)","Cover crop / no cover crop; per cover year",0.0155833333333331
336904,"Carbon difference / reported denominator (Mg C/ha/year)","Cover crop / no cover crop; per cover year",0.0401857142857145
535040,"Carbon difference / reported denominator (Mg C/ha/year)","Cover crop / no cover crop; per cover year",0.0980800000000002
212287,"Carbon difference / reported denominator (Mg C/ha/year)","Cover crop / no cover crop; per cover year",0.0728
372700,"Carbon difference / reported denominator (Mg C/ha/year)","Cover crop / no cover crop; per cover year",0.120266666666666
309355,"Carbon difference / reported denominator (Mg C/ha/year)","Cover crop / no cover crop; per cover year",0.0383249999999999
403505,"Carbon difference / reported denominator (Mg C/ha/year)","Cover crop / no cover crop; per cover year",0.0242600000000003
14956,"Carbon difference / reported denominator (Mg C/ha/year)","Cover crop / no cover crop; per cover year",0.0495125
219229,"Carbon difference / reported denominator (Mg C/ha/year)","Cover crop / no cover crop; per cover year",0.0940666666666665
375119,"Carbon difference / reported denominator (Mg C/ha/year)","Cover crop / no cover crop; per cover year",0.0424166666666667
542872,"Carbon difference / reported denominator (Mg C/ha/year)","Cover crop / no cover crop; per cover year",0.0352571428571429
417431,"Carbon difference / reported denominator (Mg C/ha/year)","Cover crop / no cover crop; per cover year",4.76740000000001
237955,"Carbon difference / reported denominator (Mg C/ha/year)","Cover crop / no cover crop; per cover year",0.0536250000000003
424527,"Carbon difference / reported denominator (Mg C/ha/year)","Cover crop / no cover crop; per cover year",0.00934999999999953
354196,"Carbon difference / reported denominator (Mg C/ha/year)","Cover crop / no cover crop; per cover year",0.084883333333335
327540,"Carbon difference / reported denominator (Mg C/ha/year)","Cover crop / no cover crop; per cover year",0.1549
54800,"Carbon difference / reported denominator (Mg C/ha/year)","Cover crop / no cover crop; per cover year",0.0133999999999972
24366,"Carbon difference / reported denominator (Mg C/ha/year)","Cover crop / no cover crop; per cover year",0.0344333333333333
276098,"Carbon difference / reported denominator (Mg C/ha/year)","Cover crop / no cover crop; per cover year",0.0158000000000001
420047,"Carbon difference / reported denominator (Mg C/ha/year)","Cover crop / no cover crop; per cover year",0.040975
338040,"Carbon difference / reported denominator (Mg C/ha/year)","Cover crop / no cover crop; per cover year",0.0244799999999998
378874,"Carbon difference / reported denominator (Mg C/ha/year)","Cover crop / no cover crop; per cover year",0.0164333333333335
520659,"Carbon difference / reported denominator (Mg C/ha/year)","Cover crop / no cover crop; per cover year",0.0767749999999996
436143,"Carbon difference / reported denominator (Mg C/ha/year)","Cover crop / no cover crop; per cover year",0.0765833333333334
510456,"Carbon difference / reported denominator (Mg C/ha/year)","Cover crop / no cover crop; per cover year",0.0374285714285715
462857,"Carbon difference / reported denominator (Mg C/ha/year)","Cover crop / no cover crop; per cover year",0.0387
328163,"Carbon difference / reported denominator (Mg C/ha/year)","Reduced / conventional tillage",0.5718125
26336,"Carbon difference / reported denominator (Mg C/ha/year)","Reduced / conventional tillage",0.0366624999999999
565118,"Carbon difference / reported denominator (Mg C/ha/year)","Reduced / conventional tillage",0.45125
159849,"Carbon difference / reported denominator (Mg C/ha/year)","Reduced / conventional tillage",0.0899874999999999
522375,"Carbon difference / reported denominator (Mg C/ha/year)","Reduced / conventional tillage",0.0163875000000004
534243,"Carbon difference / reported denominator (Mg C/ha/year)","Reduced / conventional tillage",0.077075
205678,"Carbon difference / reported denominator (Mg C/ha/year)","Reduced / conventional tillage",0.301024999999999
169473,"Carbon difference / reported denominator (Mg C/ha/year)","Reduced / conventional tillage",0.0293125
592578,"Carbon difference / reported denominator (Mg C/ha/year)","Reduced / conventional tillage",0.372675000000001
557284,"Carbon difference / reported denominator (Mg C/ha/year)","Reduced / conventional tillage",0.0509875000000002
413887,"Carbon difference / reported denominator (Mg C/ha/year)","Reduced / conventional tillage",0.1658875
590334,"Carbon difference / reported denominator (Mg C/ha/year)","Reduced / conventional tillage",0.0216625000000001
440393,"Carbon difference / reported denominator (Mg C/ha/year)","Reduced / conventional tillage",0.0970874999999998
420343,"Carbon difference / reported denominator (Mg C/ha/year)","Reduced / conventional tillage",0.3164875
415399,"Carbon difference / reported denominator (Mg C/ha/year)","Reduced / conventional tillage",0.03105
132390,"Carbon difference / reported denominator (Mg C/ha/year)","Reduced / conventional tillage",0.0499749999999999
514070,"Carbon difference / reported denominator (Mg C/ha/year)","Reduced / conventional tillage",0.0507250000000004
52519,"Carbon difference / reported denominator (Mg C/ha/year)","Reduced / conventional tillage",0.597925
90,"Carbon difference / reported denominator (Mg C/ha/year)","Reduced / conventional tillage",0.0260624999999997
248496,"Carbon difference / reported denominator (Mg C/ha/year)","Reduced / conventional tillage",0.776574999999998
332581,"Carbon difference / reported denominator (Mg C/ha/year)","Reduced / conventional tillage",0.0190999999999999
296871,"Carbon difference / reported denominator (Mg C/ha/year)","Reduced / conventional tillage",0.081375
488132,"Carbon difference / reported denominator (Mg C/ha/year)","Reduced / conventional tillage",0.0324
589918,"Carbon difference / reported denominator (Mg C/ha/year)","Reduced / conventional tillage",0.236587500000001
142350,"Carbon difference / reported denominator (Mg C/ha/year)","Reduced / conventional tillage",0.329712500000001
535358,"Carbon difference / reported denominator (Mg C/ha/year)","Reduced / conventional tillage",0.0678000000000001
321992,"Carbon difference / reported denominator (Mg C/ha/year)","Reduced / conventional tillage",0.0665
589581,"Carbon difference / reported denominator (Mg C/ha/year)","Reduced / conventional tillage",0.154562500000001
590073,"Carbon difference / reported denominator (Mg C/ha/year)","Reduced / conventional tillage",0.0298749999999999
437146,"Carbon difference / reported denominator (Mg C/ha/year)","Reduced / conventional tillage",0.112725000000001
14,"Carbon difference / reported denominator (Mg C/ha/year)","Reduced / conventional tillage",0.115125
96038,"Carbon difference / reported denominator (Mg C/ha/year)","Reduced / conventional tillage",0.0758875000000003
155097,"Carbon difference / reported denominator (Mg C/ha/year)","Reduced / conventional tillage",0.2107875
30934,"Carbon difference / reported denominator (Mg C/ha/year)","Reduced / conventional tillage",0.0337125
32528,"Carbon difference / reported denominator (Mg C/ha/year)","Reduced / conventional tillage",0.0265875
469135,"Carbon difference / reported denominator (Mg C/ha/year)","Reduced / conventional tillage",0.137749999999999
357428,"Carbon difference / reported denominator (Mg C/ha/year)","Reduced / conventional tillage",0.137549999999999
472163,"Carbon difference / reported denominator (Mg C/ha/year)","Reduced / conventional tillage",0.0912999999999995
329357,"Carbon difference / reported denominator (Mg C/ha/year)","Reduced / conventional tillage",0.0355125000000003
152256,"Carbon difference / reported denominator (Mg C/ha/year)","Reduced / conventional tillage",0.1211
89752,"Carbon difference / reported denominator (Mg C/ha/year)","Reduced / conventional tillage",0.0745250000000004
362135,"Carbon difference / reported denominator (Mg C/ha/year)","Reduced / conventional tillage",0.0453999999999999
594379,"Carbon difference / reported denominator (Mg C/ha/year)","Reduced / conventional tillage",0.0597249999999998
429989,"Carbon difference / reported denominator (Mg C/ha/year)","Reduced / conventional tillage",0.0300500000000001
102480,"Carbon difference / reported denominator (Mg C/ha/year)","Reduced / conventional tillage",0.155175
28809,"Carbon difference / reported denominator (Mg C/ha/year)","Reduced / conventional tillage",0.0426250000000001
405184,"Carbon difference / reported denominator (Mg C/ha/year)","Reduced / conventional tillage",0.0381625
330822,"Carbon difference / reported denominator (Mg C/ha/year)","Reduced / conventional tillage",0.05985
15499,"Carbon difference / reported denominator (Mg C/ha/year)","Reduced / conventional tillage",0.043725
284301,"Carbon difference / reported denominator (Mg C/ha/year)","Reduced / conventional tillage",0.0968875000000002
285241,"Carbon difference / reported denominator (Mg C/ha/year)","Reduced / conventional tillage",0.0282500000000003
244878,"Carbon difference / reported denominator (Mg C/ha/year)","Reduced / conventional tillage",0.154425
405606,"Carbon difference / reported denominator (Mg C/ha/year)","Reduced / conventional tillage",0.0728625000000001
327124,"Carbon difference / reported denominator (Mg C/ha/year)","Reduced / conventional tillage",0.106350000000001
118038,"Carbon difference / reported denominator (Mg C/ha/year)","Reduced / conventional tillage",0.1190875
597240,"Carbon difference / reported denominator (Mg C/ha/year)","Reduced / conventional tillage",0.0202499999999999
299613,"Carbon difference / reported denominator (Mg C/ha/year)","Reduced / conventional tillage",0.354487499999999
293793,"Carbon difference / reported denominator (Mg C/ha/year)","Reduced / conventional tillage",0.1166375
144461,"Carbon difference / reported denominator (Mg C/ha/year)","Reduced / conventional tillage",0.0781624999999995
153154,"Carbon difference / reported denominator (Mg C/ha/year)","Reduced / conventional tillage",0.10905
506467,"Carbon difference / reported denominator (Mg C/ha/year)","Reduced / conventional tillage",0.180075
302976,"Carbon difference / reported denominator (Mg C/ha/year)","Reduced / conventional tillage",0.0392999999999999
453786,"Carbon difference / reported denominator (Mg C/ha/year)","Reduced / conventional tillage",0.0442374999999995
336904,"Carbon difference / reported denominator (Mg C/ha/year)","Reduced / conventional tillage",0.1860125
535040,"Carbon difference / reported denominator (Mg C/ha/year)","Reduced / conventional tillage",0.1186875
212287,"Carbon difference / reported denominator (Mg C/ha/year)","Reduced / conventional tillage",0.1332875
549173,"Carbon difference / reported denominator (Mg C/ha/year)","Reduced / conventional tillage",0.123037500000001
107465,"Carbon difference / reported denominator (Mg C/ha/year)","Reduced / conventional tillage",0.0798749999999999
555182,"Carbon difference / reported denominator (Mg C/ha/year)","Reduced / conventional tillage",0.10985
372700,"Carbon difference / reported denominator (Mg C/ha/year)","Reduced / conventional tillage",0.0470750000000004
313780,"Carbon difference / reported denominator (Mg C/ha/year)","Reduced / conventional tillage",0.0966749999999994
309355,"Carbon difference / reported denominator (Mg C/ha/year)","Reduced / conventional tillage",0.00548750000000009
403505,"Carbon difference / reported denominator (Mg C/ha/year)","Reduced / conventional tillage",0.0781250000000002
236386,"Carbon difference / reported denominator (Mg C/ha/year)","Reduced / conventional tillage",0.0905624999999999
14956,"Carbon difference / reported denominator (Mg C/ha/year)","Reduced / conventional tillage",0.0118874999999999
219229,"Carbon difference / reported denominator (Mg C/ha/year)","Reduced / conventional tillage",0.39665
375119,"Carbon difference / reported denominator (Mg C/ha/year)","Reduced / conventional tillage",0.0322374999999999
542872,"Carbon difference / reported denominator (Mg C/ha/year)","Reduced / conventional tillage",0.0999249999999998
250488,"Carbon difference / reported denominator (Mg C/ha/year)","Reduced / conventional tillage",0.0470250000000001
417431,"Carbon difference / reported denominator (Mg C/ha/year)","Reduced / conventional tillage",0.0618625000000002
601779,"Carbon difference / reported denominator (Mg C/ha/year)","Reduced / conventional tillage",0.264600000000001
237955,"Carbon difference / reported denominator (Mg C/ha/year)","Reduced / conventional tillage",0.0930249999999999
424527,"Carbon difference / reported denominator (Mg C/ha/year)","Reduced / conventional tillage",0.0990000000000002
354196,"Carbon difference / reported denominator (Mg C/ha/year)","Reduced / conventional tillage",0.0887250000000002
327540,"Carbon difference / reported denominator (Mg C/ha/year)","Reduced / conventional tillage",0.0620749999999997
54800,"Carbon difference / reported denominator (Mg C/ha/year)","Reduced / conventional tillage",0.0983000000000001
24366,"Carbon difference / reported denominator (Mg C/ha/year)","Reduced / conventional tillage",0.0544249999999999
276098,"Carbon difference / reported denominator (Mg C/ha/year)","Reduced / conventional tillage",0.1145625
420047,"Carbon difference / reported denominator (Mg C/ha/year)","Reduced / conventional tillage",0.0502500000000001
257423,"Carbon difference / reported denominator (Mg C/ha/year)","Reduced / conventional tillage",0.0661250000000004
338040,"Carbon difference / reported denominator (Mg C/ha/year)","Reduced / conventional tillage",0.1623125
378874,"Carbon difference / reported denominator (Mg C/ha/year)","Reduced / conventional tillage",0.0346875
520659,"Carbon difference / reported denominator (Mg C/ha/year)","Reduced / conventional tillage",0.153925
41669,"Carbon difference / reported denominator (Mg C/ha/year)","Reduced / conventional tillage",0.0549375000000003
436143,"Carbon difference / reported denominator (Mg C/ha/year)","Reduced / conventional tillage",0.088025
371139,"Carbon difference / reported denominator (Mg C/ha/year)","Reduced / conventional tillage",0.0716374999999996
510456,"Carbon difference / reported denominator (Mg C/ha/year)","Reduced / conventional tillage",0.0547625000000003
24007,"Carbon difference / reported denominator (Mg C/ha/year)","Reduced / conventional tillage",0.034675
462857,"Carbon difference / reported denominator (Mg C/ha/year)","Reduced / conventional tillage",0.0244249999999999
328163,"Carbon difference / reported denominator (Mg C/ha/year)","No tillage / conventional tillage",0.662612499999998
26336,"Carbon difference / reported denominator (Mg C/ha/year)","No tillage / conventional tillage",0.044275
565118,"Carbon difference / reported denominator (Mg C/ha/year)","No tillage / conventional tillage",0.57
159849,"Carbon difference / reported denominator (Mg C/ha/year)","No tillage / conventional tillage",0.1061125
522375,"Carbon difference / reported denominator (Mg C/ha/year)","No tillage / conventional tillage",0.0224125000000006
534243,"Carbon difference / reported denominator (Mg C/ha/year)","No tillage / conventional tillage",0.0911124999999999
205678,"Carbon difference / reported denominator (Mg C/ha/year)","No tillage / conventional tillage",0.4159875
169473,"Carbon difference / reported denominator (Mg C/ha/year)","No tillage / conventional tillage",0.0366875
592578,"Carbon difference / reported denominator (Mg C/ha/year)","No tillage / conventional tillage",0.4546875
557284,"Carbon difference / reported denominator (Mg C/ha/year)","No tillage / conventional tillage",0.0605000000000002
413887,"Carbon difference / reported denominator (Mg C/ha/year)","No tillage / conventional tillage",0.2279
590334,"Carbon difference / reported denominator (Mg C/ha/year)","No tillage / conventional tillage",0.0288124999999999
440393,"Carbon difference / reported denominator (Mg C/ha/year)","No tillage / conventional tillage",0.12745
420343,"Carbon difference / reported denominator (Mg C/ha/year)","No tillage / conventional tillage",0.3677625
415399,"Carbon difference / reported denominator (Mg C/ha/year)","No tillage / conventional tillage",0.0423750000000001
132390,"Carbon difference / reported denominator (Mg C/ha/year)","No tillage / conventional tillage",0.0682749999999999
514070,"Carbon difference / reported denominator (Mg C/ha/year)","No tillage / conventional tillage",0.0650875000000002
52519,"Carbon difference / reported denominator (Mg C/ha/year)","No tillage / conventional tillage",0.694300000000002
90,"Carbon difference / reported denominator (Mg C/ha/year)","No tillage / conventional tillage",0.0350249999999996
248496,"Carbon difference / reported denominator (Mg C/ha/year)","No tillage / conventional tillage",0.918599999999998
332581,"Carbon difference / reported denominator (Mg C/ha/year)","No tillage / conventional tillage",0.0258499999999999
296871,"Carbon difference / reported denominator (Mg C/ha/year)","No tillage / conventional tillage",0.101775
488132,"Carbon difference / reported denominator (Mg C/ha/year)","No tillage / conventional tillage",0.0438749999999999
589918,"Carbon difference / reported denominator (Mg C/ha/year)","No tillage / conventional tillage",0.265825
142350,"Carbon difference / reported denominator (Mg C/ha/year)","No tillage / conventional tillage",0.397825000000001
535358,"Carbon difference / reported denominator (Mg C/ha/year)","No tillage / conventional tillage",0.0837750000000002
321992,"Carbon difference / reported denominator (Mg C/ha/year)","No tillage / conventional tillage",0.0791374999999999
589581,"Carbon difference / reported denominator (Mg C/ha/year)","No tillage / conventional tillage",0.1933375
590073,"Carbon difference / reported denominator (Mg C/ha/year)","No tillage / conventional tillage",0.0384499999999999
437146,"Carbon difference / reported denominator (Mg C/ha/year)","No tillage / conventional tillage",0.137487500000001
14,"Carbon difference / reported denominator (Mg C/ha/year)","No tillage / conventional tillage",0.14075
96038,"Carbon difference / reported denominator (Mg C/ha/year)","No tillage / conventional tillage",0.104075
155097,"Carbon difference / reported denominator (Mg C/ha/year)","No tillage / conventional tillage",0.266500000000001
30934,"Carbon difference / reported denominator (Mg C/ha/year)","No tillage / conventional tillage",0.0456124999999999
32528,"Carbon difference / reported denominator (Mg C/ha/year)","No tillage / conventional tillage",0.035625
469135,"Carbon difference / reported denominator (Mg C/ha/year)","No tillage / conventional tillage",0.174687499999999
357428,"Carbon difference / reported denominator (Mg C/ha/year)","No tillage / conventional tillage",0.189499999999999
472163,"Carbon difference / reported denominator (Mg C/ha/year)","No tillage / conventional tillage",0.123475
329357,"Carbon difference / reported denominator (Mg C/ha/year)","No tillage / conventional tillage",0.0479875000000001
152256,"Carbon difference / reported denominator (Mg C/ha/year)","No tillage / conventional tillage",0.1648125
89752,"Carbon difference / reported denominator (Mg C/ha/year)","No tillage / conventional tillage",0.0893375000000001
362135,"Carbon difference / reported denominator (Mg C/ha/year)","No tillage / conventional tillage",0.0611375000000001
594379,"Carbon difference / reported denominator (Mg C/ha/year)","No tillage / conventional tillage",0.0718624999999999
429989,"Carbon difference / reported denominator (Mg C/ha/year)","No tillage / conventional tillage",0.0403
102480,"Carbon difference / reported denominator (Mg C/ha/year)","No tillage / conventional tillage",0.18835
28809,"Carbon difference / reported denominator (Mg C/ha/year)","No tillage / conventional tillage",0.0516375
405184,"Carbon difference / reported denominator (Mg C/ha/year)","No tillage / conventional tillage",0.0433125
330822,"Carbon difference / reported denominator (Mg C/ha/year)","No tillage / conventional tillage",0.0798375
15499,"Carbon difference / reported denominator (Mg C/ha/year)","No tillage / conventional tillage",0.0527875
284301,"Carbon difference / reported denominator (Mg C/ha/year)","No tillage / conventional tillage",0.1151375
285241,"Carbon difference / reported denominator (Mg C/ha/year)","No tillage / conventional tillage",0.0380500000000001
244878,"Carbon difference / reported denominator (Mg C/ha/year)","No tillage / conventional tillage",0.200849999999999
405606,"Carbon difference / reported denominator (Mg C/ha/year)","No tillage / conventional tillage",0.0895000000000001
327124,"Carbon difference / reported denominator (Mg C/ha/year)","No tillage / conventional tillage",0.1461125
118038,"Carbon difference / reported denominator (Mg C/ha/year)","No tillage / conventional tillage",0.1365375
597240,"Carbon difference / reported denominator (Mg C/ha/year)","No tillage / conventional tillage",0.0232875000000003
299613,"Carbon difference / reported denominator (Mg C/ha/year)","No tillage / conventional tillage",0.425125
293793,"Carbon difference / reported denominator (Mg C/ha/year)","No tillage / conventional tillage",0.1597875
144461,"Carbon difference / reported denominator (Mg C/ha/year)","No tillage / conventional tillage",0.0947874999999998
153154,"Carbon difference / reported denominator (Mg C/ha/year)","No tillage / conventional tillage",0.147062500000001
506467,"Carbon difference / reported denominator (Mg C/ha/year)","No tillage / conventional tillage",0.207075000000001
302976,"Carbon difference / reported denominator (Mg C/ha/year)","No tillage / conventional tillage",0.0531250000000001
453786,"Carbon difference / reported denominator (Mg C/ha/year)","No tillage / conventional tillage",0.0597249999999994
336904,"Carbon difference / reported denominator (Mg C/ha/year)","No tillage / conventional tillage",0.2199875
535040,"Carbon difference / reported denominator (Mg C/ha/year)","No tillage / conventional tillage",0.1643875
212287,"Carbon difference / reported denominator (Mg C/ha/year)","No tillage / conventional tillage",0.1516
549173,"Carbon difference / reported denominator (Mg C/ha/year)","No tillage / conventional tillage",0.143387500000001
107465,"Carbon difference / reported denominator (Mg C/ha/year)","No tillage / conventional tillage",0.108825
555182,"Carbon difference / reported denominator (Mg C/ha/year)","No tillage / conventional tillage",0.1369375
372700,"Carbon difference / reported denominator (Mg C/ha/year)","No tillage / conventional tillage",0.0545625000000003
313780,"Carbon difference / reported denominator (Mg C/ha/year)","No tillage / conventional tillage",0.122712499999999
309355,"Carbon difference / reported denominator (Mg C/ha/year)","No tillage / conventional tillage",0.00743749999999999
403505,"Carbon difference / reported denominator (Mg C/ha/year)","No tillage / conventional tillage",0.1067625
236386,"Carbon difference / reported denominator (Mg C/ha/year)","No tillage / conventional tillage",0.112112499999999
14956,"Carbon difference / reported denominator (Mg C/ha/year)","No tillage / conventional tillage",0.0140874999999999
219229,"Carbon difference / reported denominator (Mg C/ha/year)","No tillage / conventional tillage",0.4642375
375119,"Carbon difference / reported denominator (Mg C/ha/year)","No tillage / conventional tillage",0.0418000000000003
542872,"Carbon difference / reported denominator (Mg C/ha/year)","No tillage / conventional tillage",0.129475
250488,"Carbon difference / reported denominator (Mg C/ha/year)","No tillage / conventional tillage",0.0577749999999999
417431,"Carbon difference / reported denominator (Mg C/ha/year)","No tillage / conventional tillage",0.0827750000000016
601779,"Carbon difference / reported denominator (Mg C/ha/year)","No tillage / conventional tillage",0.299275000000001
237955,"Carbon difference / reported denominator (Mg C/ha/year)","No tillage / conventional tillage",0.1270875
424527,"Carbon difference / reported denominator (Mg C/ha/year)","No tillage / conventional tillage",0.120625
354196,"Carbon difference / reported denominator (Mg C/ha/year)","No tillage / conventional tillage",0.114575
327540,"Carbon difference / reported denominator (Mg C/ha/year)","No tillage / conventional tillage",0.0776624999999997
54800,"Carbon difference / reported denominator (Mg C/ha/year)","No tillage / conventional tillage",0.1346375
24366,"Carbon difference / reported denominator (Mg C/ha/year)","No tillage / conventional tillage",0.074025
276098,"Carbon difference / reported denominator (Mg C/ha/year)","No tillage / conventional tillage",0.1381375
420047,"Carbon difference / reported denominator (Mg C/ha/year)","No tillage / conventional tillage",0.0686125
257423,"Carbon difference / reported denominator (Mg C/ha/year)","No tillage / conventional tillage",0.0849124999999997
338040,"Carbon difference / reported denominator (Mg C/ha/year)","No tillage / conventional tillage",0.183524999999999
378874,"Carbon difference / reported denominator (Mg C/ha/year)","No tillage / conventional tillage",0.0475625
520659,"Carbon difference / reported denominator (Mg C/ha/year)","No tillage / conventional tillage",0.1774375
41669,"Carbon difference / reported denominator (Mg C/ha/year)","No tillage / conventional tillage",0.0742000000000003
436143,"Carbon difference / reported denominator (Mg C/ha/year)","No tillage / conventional tillage",0.099675
371139,"Carbon difference / reported denominator (Mg C/ha/year)","No tillage / conventional tillage",0.0987124999999995
510456,"Carbon difference / reported denominator (Mg C/ha/year)","No tillage / conventional tillage",0.0747625000000003
24007,"Carbon difference / reported denominator (Mg C/ha/year)","No tillage / conventional tillage",0.0464125000000002
462857,"Carbon difference / reported denominator (Mg C/ha/year)","No tillage / conventional tillage",0.0322499999999994
328163,"Soil carbon change (%)","Organic substitution / fertilizer baseline",1.06746174354175
26336,"Soil carbon change (%)","Organic substitution / fertilizer baseline",19.3835768038956
565118,"Soil carbon change (%)","Organic substitution / fertilizer baseline",1.53118318700813
159849,"Soil carbon change (%)","Organic substitution / fertilizer baseline",7.49909630777176
522375,"Soil carbon change (%)","Organic substitution / fertilizer baseline",2.90330861559076
534243,"Soil carbon change (%)","Organic substitution / fertilizer baseline",11.6713866607879
205678,"Soil carbon change (%)","Organic substitution / fertilizer baseline",1.34692027132239
169473,"Soil carbon change (%)","Organic substitution / fertilizer baseline",16.7784148397977
592578,"Soil carbon change (%)","Organic substitution / fertilizer baseline",1.48716359375594
557284,"Soil carbon change (%)","Organic substitution / fertilizer baseline",8.92859011795241
413887,"Soil carbon change (%)","Organic substitution / fertilizer baseline",1.91867018125129
590334,"Soil carbon change (%)","Organic substitution / fertilizer baseline",6.95190475558916
440393,"Soil carbon change (%)","Organic substitution / fertilizer baseline",4.12455870859947
420343,"Soil carbon change (%)","Organic substitution / fertilizer baseline",10.894375794675
415399,"Soil carbon change (%)","Organic substitution / fertilizer baseline",12.1347603162837
132390,"Soil carbon change (%)","Organic substitution / fertilizer baseline",7.16415646229478
514070,"Soil carbon change (%)","Organic substitution / fertilizer baseline",7.31719642225479
52519,"Soil carbon change (%)","Organic substitution / fertilizer baseline",0.880441421223077
90,"Soil carbon change (%)","Organic substitution / fertilizer baseline",7.96844266958541
248496,"Soil carbon change (%)","Organic substitution / fertilizer baseline",0.856849134510562
332581,"Soil carbon change (%)","Organic substitution / fertilizer baseline",9.95723274310416
296871,"Soil carbon change (%)","Organic substitution / fertilizer baseline",6.80085442914429
488132,"Soil carbon change (%)","Organic substitution / fertilizer baseline",13.1922498786824
589918,"Soil carbon change (%)","Organic substitution / fertilizer baseline",6.03127891631146
142350,"Soil carbon change (%)","Organic substitution / fertilizer baseline",1.51146766508614
535358,"Soil carbon change (%)","Organic substitution / fertilizer baseline",8.25101836792553
321992,"Soil carbon change (%)","Organic substitution / fertilizer baseline",8.52112590134333
589581,"Soil carbon change (%)","Organic substitution / fertilizer baseline",3.26935259090335
590073,"Soil carbon change (%)","Organic substitution / fertilizer baseline",12.028115739155
437146,"Soil carbon change (%)","Organic substitution / fertilizer baseline",2.11665554658145
14,"Soil carbon change (%)","Organic substitution / fertilizer baseline",7.20536244118113
96038,"Soil carbon change (%)","Organic substitution / fertilizer baseline",1.30634345885128
155097,"Soil carbon change (%)","Organic substitution / fertilizer baseline",1.60538923740703
30934,"Soil carbon change (%)","Organic substitution / fertilizer baseline",18.6431244602246
32528,"Soil carbon change (%)","Organic substitution / fertilizer baseline",13.587786259542
469135,"Soil carbon change (%)","Organic substitution / fertilizer baseline",2.07410313211494
357428,"Soil carbon change (%)","Organic substitution / fertilizer baseline",1.40786646009297
472163,"Soil carbon change (%)","Organic substitution / fertilizer baseline",2.19101658161349
329357,"Soil carbon change (%)","Organic substitution / fertilizer baseline",8.14807380271326
152256,"Soil carbon change (%)","Organic substitution / fertilizer baseline",2.7073563012703
89752,"Soil carbon change (%)","Organic substitution / fertilizer baseline",3.50624185888464
362135,"Soil carbon change (%)","Organic substitution / fertilizer baseline",4.60728217003721
594379,"Soil carbon change (%)","Organic substitution / fertilizer baseline",6.15658638581275
429989,"Soil carbon change (%)","Organic substitution / fertilizer baseline",8.15856047005059
102480,"Soil carbon change (%)","Organic substitution / fertilizer baseline",3.59632670640049
28809,"Soil carbon change (%)","Organic substitution / fertilizer baseline",11.0195691363967
405184,"Soil carbon change (%)","Organic substitution / fertilizer baseline",16.4547665290267
330822,"Soil carbon change (%)","Organic substitution / fertilizer baseline",5.14689153584771
15499,"Soil carbon change (%)","Organic substitution / fertilizer baseline",13.4264686500697
284301,"Soil carbon change (%)","Organic substitution / fertilizer baseline",3.81290918305712
285241,"Soil carbon change (%)","Organic substitution / fertilizer baseline",5.9689779857093
244878,"Soil carbon change (%)","Organic substitution / fertilizer baseline",1.0142529768105
405606,"Soil carbon change (%)","Organic substitution / fertilizer baseline",7.01059398768562
327124,"Soil carbon change (%)","Organic substitution / fertilizer baseline",4.51289647960962
118038,"Soil carbon change (%)","Organic substitution / fertilizer baseline",5.85776424356732
597240,"Soil carbon change (%)","Organic substitution / fertilizer baseline",1.75147523522763
299613,"Soil carbon change (%)","Organic substitution / fertilizer baseline",1.17115696764046
293793,"Soil carbon change (%)","Organic substitution / fertilizer baseline",4.70985102148021
144461,"Soil carbon change (%)","Organic substitution / fertilizer baseline",4.9380387534075
153154,"Soil carbon change (%)","Organic substitution / fertilizer baseline",1.92558670316141
506467,"Soil carbon change (%)","Organic substitution / fertilizer baseline",2.04342986631132
302976,"Soil carbon change (%)","Organic substitution / fertilizer baseline",14.4868191509982
453786,"Soil carbon change (%)","Organic substitution / fertilizer baseline",6.26380623707814
336904,"Soil carbon change (%)","Organic substitution / fertilizer baseline",3.70821456335839
535040,"Soil carbon change (%)","Organic substitution / fertilizer baseline",2.12628831754271
212287,"Soil carbon change (%)","Organic substitution / fertilizer baseline",12.6199266626482
549173,"Soil carbon change (%)","Organic substitution / fertilizer baseline",2.06700314372046
107465,"Soil carbon change (%)","Organic substitution / fertilizer baseline",5.51232808821707
555182,"Soil carbon change (%)","Organic substitution / fertilizer baseline",5.53712653370528
372700,"Soil carbon change (%)","Organic substitution / fertilizer baseline",5.66588132910033
313780,"Soil carbon change (%)","Organic substitution / fertilizer baseline",2.90400424028734
309355,"Soil carbon change (%)","Organic substitution / fertilizer baseline",24.0466416800523
403505,"Soil carbon change (%)","Organic substitution / fertilizer baseline",5.92229048816577
236386,"Soil carbon change (%)","Organic substitution / fertilizer baseline",3.08427912016562
14956,"Soil carbon change (%)","Organic substitution / fertilizer baseline",20.2987228515766
219229,"Soil carbon change (%)","Organic substitution / fertilizer baseline",6.90260488306369
375119,"Soil carbon change (%)","Organic substitution / fertilizer baseline",5.83918183987295
542872,"Soil carbon change (%)","Organic substitution / fertilizer baseline",5.73193706745481
250488,"Soil carbon change (%)","Organic substitution / fertilizer baseline",9.45210148664119
417431,"Soil carbon change (%)","Organic substitution / fertilizer baseline",2.35959996073025
601779,"Soil carbon change (%)","Organic substitution / fertilizer baseline",3.26010043090617
237955,"Soil carbon change (%)","Organic substitution / fertilizer baseline",1.82441812723956
424527,"Soil carbon change (%)","Organic substitution / fertilizer baseline",4.62394831834465
354196,"Soil carbon change (%)","Organic substitution / fertilizer baseline",2.25162395272407
327540,"Soil carbon change (%)","Organic substitution / fertilizer baseline",6.42175029033428
54800,"Soil carbon change (%)","Organic substitution / fertilizer baseline",3.02834210223127
24366,"Soil carbon change (%)","Organic substitution / fertilizer baseline",7.07305190152752
276098,"Soil carbon change (%)","Organic substitution / fertilizer baseline",9.83884166943501
420047,"Soil carbon change (%)","Organic substitution / fertilizer baseline",6.79127699692184
257423,"Soil carbon change (%)","Organic substitution / fertilizer baseline",5.03332517375259
338040,"Soil carbon change (%)","Organic substitution / fertilizer baseline",4.21925212701775
378874,"Soil carbon change (%)","Organic substitution / fertilizer baseline",12.9077950602896
520659,"Soil carbon change (%)","Organic substitution / fertilizer baseline",7.54846855203537
41669,"Soil carbon change (%)","Organic substitution / fertilizer baseline",4.98625452920549
436143,"Soil carbon change (%)","Organic substitution / fertilizer baseline",15.5356388223693
371139,"Soil carbon change (%)","Organic substitution / fertilizer baseline",3.47122292814952
510456,"Soil carbon change (%)","Organic substitution / fertilizer baseline",4.97177334562689
24007,"Soil carbon change (%)","Organic substitution / fertilizer baseline",6.93810116946925
462857,"Soil carbon change (%)","Organic substitution / fertilizer baseline",2.41365941692191
205678,"Seasonal methane change (%)","One irrigation interruption / flooded
baseline",0
413887,"Seasonal methane change (%)","One irrigation interruption / flooded
baseline",0
440393,"Seasonal methane change (%)","One irrigation interruption / flooded
baseline",0
132390,"Seasonal methane change (%)","One irrigation interruption / flooded
baseline",0
535358,"Seasonal methane change (%)","One irrigation interruption / flooded
baseline",8.14560430439925e-05
590073,"Seasonal methane change (%)","One irrigation interruption / flooded
baseline",-0.163169378047734
155097,"Seasonal methane change (%)","One irrigation interruption / flooded
baseline",0
362135,"Seasonal methane change (%)","One irrigation interruption / flooded
baseline",0
244878,"Seasonal methane change (%)","One irrigation interruption / flooded
baseline",0
417431,"Seasonal methane change (%)","One irrigation interruption / flooded
baseline",0
520659,"Seasonal methane change (%)","One irrigation interruption / flooded
baseline",0
510456,"Seasonal methane change (%)","One irrigation interruption / flooded
baseline",-0.000132374851169459
205678,"Seasonal methane change (%)","Two interruptions / flooded baseline",0
413887,"Seasonal methane change (%)","Two interruptions / flooded baseline",2.21763123198216e-05
440393,"Seasonal methane change (%)","Two interruptions / flooded baseline",0
132390,"Seasonal methane change (%)","Two interruptions / flooded baseline",0
535358,"Seasonal methane change (%)","Two interruptions / flooded baseline",0.000896016473661554
590073,"Seasonal methane change (%)","Two interruptions / flooded baseline",-0.0445347614396408
155097,"Seasonal methane change (%)","Two interruptions / flooded baseline",0
362135,"Seasonal methane change (%)","Two interruptions / flooded baseline",0
244878,"Seasonal methane change (%)","Two interruptions / flooded baseline",0
417431,"Seasonal methane change (%)","Two interruptions / flooded baseline",0
520659,"Seasonal methane change (%)","Two interruptions / flooded baseline",0
510456,"Seasonal methane change (%)","Two interruptions / flooded baseline",-0.000529499404644529
